fecha,ventas,unidades,promociones,temperatura,region
2024-01-01,53.99,5,0,12.9,Oeste
2024-01-02,49.61,5,0,12.1,Este
2024-01-03,71.63,7,0,15.5,Oeste
2024-01-04,73.74,9,0,14.2,Este
2024-01-05,85.49,5,0,12.8,Este
2024-01-06,95.38,7,1,15.4,Este
2024-01-07,50.08,3,0,13.4,Oeste
2024-01-08,76.11,5,0,12.2,Norte
2024-01-09,61.61,4,0,15.9,Sur
2024-01-10,75.22,6,0,13.6,Norte
2024-01-11,63.08,4,0,13.9,Oeste
2024-01-12,106.75,9,0,14.7,Norte
2024-01-13,98.31,8,0,16.4,Este
2024-01-14,68.04,6,0,14.8,Este
2024-01-15,90.8,8,0,13.0,Oeste
2024-01-16,86.12,8,0,15.7,Centro
2024-01-17,71.3,5,0,14.2,Este
2024-01-18,73.86,8,0,17.9,Este
2024-01-19,91.97,8,0,15.1,Oeste
2024-01-20,107.77,6,0,11.8,Oeste
2024-01-21,67.06,4,0,15.8,Sur
2024-01-22,66.62,3,0,18.3,Sur
2024-01-23,111.73,9,1,17.8,Centro
2024-01-24,76.36,6,0,18.3,Oeste
2024-01-25,105.98,8,0,14.1,Centro
2024-01-26,99.38,10,0,17.1,Este
2024-01-27,123.82,11,0,14.7,Este
2024-01-28,75.04,7,0,16.2,Norte
2024-01-29,83.6,6,0,14.0,Centro
2024-01-30,70.24,4,0,15.1,Centro
2024-01-31,72.46,6,0,15.1,Oeste
2024-02-01,130.52,11,1,17.6,Norte
2024-02-02,111.95,7,0,17.5,Centro
2024-02-03,110.0,9,0,16.8,Este
2024-02-04,62.28,5,0,14.5,Centro
2024-02-05,64.1,5,0,16.1,Oeste
2024-02-06,66.99,4,0,15.6,Centro
2024-02-07,67.15,5,0,18.1,Centro
2024-02-08,91.49,7,0,18.6,Centro
2024-02-09,117.22,9,0,18.6,Norte
2024-02-10,113.42,10,0,15.9,Norte
2024-02-11,56.53,6,0,13.1,Este
2024-02-12,79.82,6,0,14.6,Norte
2024-02-13,83.7,6,0,19.5,Centro
2024-02-14,109.89,9,0,16.9,Centro
2024-02-15,79.97,7,0,16.4,Centro
2024-02-16,106.24,8,0,20.1,Oeste
2024-02-17,134.83,12,0,19.7,Centro
2024-02-18,87.89,8,0,17.9,Oeste
2024-02-19,91.65,9,0,17.5,Centro
2024-02-20,90.79,9,0,17.9,Centro
2024-02-21,96.58,7,0,18.5,Centro
2024-02-22,106.7,9,0,20.7,Centro
2024-02-23,106.47,9,0,19.0,Este
2024-02-24,130.99,10,0,19.6,Norte
2024-02-25,74.13,5,0,20.3,Centro
2024-02-26,93.8,6,0,16.9,Sur
2024-02-27,95.96,8,0,19.9,Sur
2024-02-28,91.67,6,0,18.5,Oeste
2024-02-29,103.27,8,0,15.2,Oeste
2024-03-01,112.94,8,0,15.9,Sur
2024-03-02,116.12,8,0,17.7,Este
2024-03-03,88.98,7,0,20.1,Este
2024-03-04,84.15,7,0,19.6,Norte
2024-03-05,102.09,9,0,19.8,Este
2024-03-06,91.04,10,0,22.5,Centro
2024-03-07,115.35,10,0,17.8,Este
2024-03-08,112.1,10,0,19.8,Oeste
2024-03-09,125.93,9,0,20.4,Centro
2024-03-10,91.04,6,0,18.9,Este
2024-03-11,113.23,11,0,20.2,Oeste
2024-03-12,106.97,7,0,17.8,Centro
2024-03-13,105.24,7,0,22.4,Norte
2024-03-14,118.04,9,0,19.4,Oeste
2024-03-15,107.67,9,0,23.6,Oeste
2024-03-16,136.01,10,0,20.6,Centro
2024-03-17,122.11,9,0,22.3,Centro
2024-03-18,106.15,10,0,20.7,Sur
2024-03-19,109.2,8,0,20.9,Centro
2024-03-20,117.7,8,0,20.1,Centro
2024-03-21,126.87,11,0,,Centro
2024-03-22,113.64,10,0,21.7,Centro
2024-03-23,124.48,9,0,20.1,Sur
2024-03-24,109.11,7,0,21.2,Sur
2024-03-25,102.55,7,0,20.6,Sur
2024-03-26,126.51,10,0,25.0,Este
2024-03-27,113.93,11,0,21.6,Norte
2024-03-28,103.43,7,0,24.1,Centro
2024-03-29,125.79,10,0,21.6,Centro
2024-03-30,118.66,10,0,22.3,Centro
2024-03-31,109.5,6,0,20.1,Centro
2024-04-01,112.65,10,0,21.5,Centro
2024-04-02,113.97,8,0,22.5,Centro
2024-04-03,132.68,11,0,24.7,Centro
2024-04-04,139.56,11,0,22.7,Sur
2024-04-05,141.55,13,0,24.6,Sur
2024-04-06,129.58,11,0,23.5,Oeste
2024-04-07,122.77,7,0,25.1,Este
2024-04-08,124.83,9,0,22.6,Sur
2024-04-09,154.27,13,1,26.4,Centro
2024-04-10,136.42,11,0,22.2,Sur
2024-04-11,120.62,10,0,21.8,Centro
2024-04-12,168.01,14,0,21.2,Norte
2024-04-13,191.28,16,1,26.6,Centro
2024-04-14,128.72,10,0,24.4,Norte
2024-04-15,107.0,6,0,22.8,Centro
2024-04-16,118.22,9,0,25.2,Sur
2024-04-17,146.32,12,0,24.4,Este
2024-04-18,134.18,9,0,26.4,Este
2024-04-19,160.82,14,0,21.2,Sur
2024-04-20,162.42,14,0,23.2,Norte
2024-04-21,124.62,10,0,23.0,Centro
2024-04-22,141.93,8,0,20.8,Este
2024-04-23,129.54,9,0,25.4,Norte
2024-04-24,117.7,12,0,23.5,Centro
2024-04-25,133.08,10,0,25.0,Centro
2024-04-26,162.22,11,0,27.5,Oeste
2024-04-27,168.26,15,0,23.5,Sur
2024-04-28,114.22,9,0,23.5,Norte
2024-04-29,125.23,11,0,24.3,Sur
2024-04-30,130.23,11,0,25.7,Norte
2024-05-01,135.96,11,0,23.4,Norte
2024-05-02,131.42,11,0,23.4,Centro
2024-05-03,154.46,13,0,25.9,Norte
2024-05-04,161.01,16,0,25.0,Sur
2024-05-05,141.55,12,0,21.4,Centro
2024-05-06,144.47,10,0,22.6,Este
2024-05-07,138.45,12,0,26.8,Centro
2024-05-08,139.52,13,0,25.2,Sur
2024-05-09,150.36,13,0,23.5,Sur
2024-05-10,156.31,12,0,24.4,Sur
2024-05-11,160.51,14,0,24.7,Sur
2024-05-12,128.07,11,0,25.8,Oeste
2024-05-13,133.62,14,0,22.7,Norte
2024-05-14,131.82,10,0,23.5,Este
2024-05-15,148.55,11,0,25.2,Este
2024-05-16,206.12,16,1,24.7,Centro
2024-05-17,152.0,12,0,25.7,Centro
2024-05-18,175.57,13,0,23.0,Norte
2024-05-19,138.57,8,0,25.4,Centro
2024-05-20,146.63,11,0,26.5,Centro
2024-05-21,146.52,12,0,25.7,Centro
2024-05-22,135.54,10,0,25.1,Sur
2024-05-23,142.87,14,0,24.8,Centro
2024-05-24,171.19,14,0,23.7,Este
2024-05-25,188.59,17,0,24.9,Norte
2024-05-26,121.55,10,0,26.9,Este
2024-05-27,149.54,13,0,24.8,Centro
2024-05-28,161.35,13,0,23.7,Norte
2024-05-29,151.3,14,0,24.3,Centro
2024-05-30,163.69,13,0,25.3,Sur
2024-05-31,166.51,14,0,24.4,Centro
2024-06-01,179.69,15,0,25.7,Oeste
2024-06-02,130.01,10,0,25.8,Centro
2024-06-03,125.1,10,0,26.3,Sur
2024-06-04,161.29,16,0,27.1,Centro
2024-06-05,145.33,11,0,26.5,Sur
2024-06-06,155.92,13,0,23.6,Norte
2024-06-07,161.91,14,0,23.6,Centro
2024-06-08,168.95,15,0,24.8,Centro
2024-06-09,146.59,12,0,24.2,Centro
2024-06-10,143.3,9,0,23.2,Centro
2024-06-11,157.63,13,0,24.2,Oeste
2024-06-12,161.63,10,0,24.1,Norte
2024-06-13,165.55,15,0,23.8,Centro
2024-06-14,179.96,15,0,24.3,Oeste
2024-06-15,200.58,17,0,26.6,Centro
2024-06-16,139.34,10,0,25.1,Norte
2024-06-17,151.67,10,0,28.4,Este
2024-06-18,203.97,17,1,24.9,Oeste
2024-06-19,171.24,14,0,24.2,Este
2024-06-20,149.56,11,0,24.6,Norte
2024-06-21,175.82,14,0,25.0,Oeste
2024-06-22,199.69,19,0,25.2,Centro
2024-06-23,156.34,14,0,27.6,Oeste
2024-06-24,155.36,14,0,23.2,Este
2024-06-25,154.36,13,0,25.7,Oeste
2024-06-26,190.0,17,1,24.7,Centro
2024-06-27,167.66,13,0,22.0,Centro
2024-06-28,177.36,12,0,25.4,Sur
2024-06-29,186.56,15,0,26.1,Norte
2024-06-30,152.86,13,0,22.9,Norte
2024-07-01,147.37,11,0,24.1,Oeste
2024-07-02,162.55,13,0,21.5,Sur
2024-07-03,189.43,14,0,22.1,Centro
2024-07-04,147.58,14,0,25.5,Norte
2024-07-05,183.63,16,0,23.2,Centro
2024-07-06,179.83,15,0,22.2,Centro
2024-07-07,158.24,13,0,24.1,Centro
2024-07-08,154.95,12,0,22.9,Este
2024-07-09,165.11,13,0,22.9,Este
2024-07-10,172.26,12,0,24.7,Norte
2024-07-11,167.42,11,0,21.8,Centro
2024-07-12,191.8,16,0,22.1,Sur
2024-07-13,164.02,14,0,23.6,Este
2024-07-14,168.34,15,0,24.8,Oeste
2024-07-15,158.15,15,0,25.1,Norte
2024-07-16,168.13,15,0,22.2,Este
2024-07-17,148.1,11,0,24.5,Norte
2024-07-18,156.93,12,0,21.8,Norte
2024-07-19,181.63,15,0,25.7,Oeste
2024-07-20,220.75,21,1,21.2,Centro
2024-07-21,154.84,14,0,24.8,Centro
2024-07-22,164.77,15,0,21.7,Centro
2024-07-23,139.17,11,0,25.6,Norte
2024-07-24,169.45,12,0,23.4,Norte
2024-07-25,164.68,14,0,20.9,Sur
2024-07-26,177.44,13,0,21.6,Norte
2024-07-27,171.64,13,0,23.5,Centro
2024-07-28,156.25,12,0,23.8,Oeste
2024-07-29,128.93,12,0,22.0,Centro
2024-07-30,162.41,13,0,22.1,Oeste
2024-07-31,143.85,9,0,23.1,Centro
2024-08-01,164.14,14,0,22.0,Sur
2024-08-02,177.25,13,0,19.8,Norte
2024-08-03,196.96,16,0,20.4,Este
2024-08-04,148.3,12,0,21.9,Centro
2024-08-05,144.95,11,0,23.3,Oeste
2024-08-06,149.63,13,0,23.8,Norte
2024-08-07,170.23,12,0,22.4,Sur
2024-08-08,167.66,13,0,21.6,Norte
2024-08-09,173.22,15,0,22.2,Centro
2024-08-10,181.5,14,0,20.0,Norte
2024-08-11,166.64,11,1,20.7,Centro
2024-08-12,154.29,13,0,19.6,Centro
2024-08-13,135.58,12,0,18.8,Sur
2024-08-14,163.45,13,0,21.1,Norte
2024-08-15,161.98,11,0,20.8,Centro
2024-08-16,199.31,17,0,21.4,Centro
2024-08-17,171.19,12,0,21.1,Centro
2024-08-18,145.9,12,0,20.6,Centro
2024-08-19,166.65,12,0,20.9,Sur
2024-08-20,211.49,16,1,19.9,Centro
2024-08-21,147.16,11,0,20.5,Oeste
2024-08-22,161.09,13,0,18.7,Centro
2024-08-23,173.59,13,0,20.2,Centro
2024-08-24,183.1,15,0,20.6,Oeste
2024-08-25,138.0,11,0,18.5,Centro
2024-08-26,145.81,13,0,19.5,Norte
2024-08-27,133.42,11,0,18.3,Oeste
2024-08-28,153.46,11,0,18.4,Oeste
2024-08-29,161.3,12,0,17.4,Este
2024-08-30,169.22,12,0,20.9,Centro
2024-08-31,162.04,13,0,20.5,Sur
2024-09-01,152.76,12,0,19.6,Oeste
2024-09-02,148.21,9,0,21.6,Oeste
2024-09-03,139.99,11,0,18.3,Centro
2024-09-04,147.12,11,0,23.0,Centro
2024-09-05,139.6,13,0,18.0,Centro
2024-09-06,159.03,11,0,18.6,Centro
2024-09-07,170.58,12,0,17.5,Sur
2024-09-08,152.92,14,0,18.6,Centro
2024-09-09,135.91,13,0,19.2,Centro
2024-09-10,151.38,11,0,17.7,Centro
2024-09-11,142.26,11,0,20.4,Norte
2024-09-12,154.79,13,0,18.0,Centro
2024-09-13,165.56,10,0,17.9,Norte
2024-09-14,182.37,12,0,16.1,Centro
2024-09-15,132.96,10,0,18.0,Oeste
2024-09-16,124.25,12,0,17.0,Centro
2024-09-17,128.82,10,0,16.2,Norte
2024-09-18,139.98,11,0,15.9,Centro
2024-09-19,137.48,12,0,20.9,Centro
2024-09-20,168.73,16,0,16.4,Centro
2024-09-21,166.64,13,0,14.6,Centro
2024-09-22,159.71,13,0,15.6,Centro
2024-09-23,120.25,12,0,16.5,Norte
2024-09-24,142.33,10,0,17.3,Sur
2024-09-25,131.68,12,0,17.2,Centro
2024-09-26,142.69,10,0,17.3,Norte
2024-09-27,163.71,13,0,15.2,Sur
2024-09-28,145.71,11,0,16.6,Centro
2024-09-29,136.0,10,0,14.7,Centro
2024-09-30,154.34,11,0,15.0,Centro
2024-10-01,133.45,11,0,14.5,Centro
2024-10-02,143.26,13,0,14.0,Norte
2024-10-03,155.59,12,0,17.3,Oeste
2024-10-04,158.38,13,0,16.6,Oeste
2024-10-05,160.89,14,0,17.0,Oeste
2024-10-06,108.63,8,0,15.5,Norte
2024-10-07,139.48,12,0,16.5,Centro
2024-10-08,134.63,12,0,12.6,Centro
2024-10-09,128.33,13,0,16.5,Centro
2024-10-10,144.42,11,0,15.3,Centro
2024-10-11,152.02,12,0,15.9,Centro
2024-10-12,159.28,14,0,15.5,Norte
2024-10-13,135.33,12,0,13.4,Centro
2024-10-14,117.59,9,0,12.5,Centro
2024-10-15,144.16,11,0,13.6,Este
2024-10-16,122.43,10,0,15.5,Centro
2024-10-17,134.5,10,0,15.6,Oeste
2024-10-18,175.09,14,0,12.4,Centro
2024-10-19,173.86,14,0,13.0,Norte
2024-10-20,128.3,11,0,13.3,Centro
2024-10-21,119.66,9,0,13.8,Norte
2024-10-22,126.51,8,0,12.2,Centro
2024-10-23,171.26,11,1,12.0,Centro
2024-10-24,139.69,10,0,12.9,Sur
2024-10-25,153.16,11,0,14.2,Centro
2024-10-26,160.53,13,0,12.2,Centro
2024-10-27,123.46,8,0,13.8,Oeste
2024-10-28,112.96,8,0,15.5,Centro
2024-10-29,124.99,9,0,11.9,Sur
2024-10-30,142.09,11,0,13.5,Norte
2024-10-31,124.05,12,0,15.3,Centro
2024-11-01,150.64,13,0,13.1,Norte
2024-11-02,151.14,12,0,12.8,Centro
2024-11-03,125.26,9,0,15.3,Este
2024-11-04,122.08,9,0,13.1,Centro
2024-11-05,143.56,12,0,15.2,Centro
2024-11-06,136.68,12,0,14.1,Centro
2024-11-07,123.34,9,0,12.9,Oeste
2024-11-08,158.01,13,0,14.1,Este
2024-11-09,150.4,10,0,13.8,Oeste
2024-11-10,117.23,10,0,14.8,Sur
2024-11-11,128.0,11,0,12.5,Sur
2024-11-12,122.82,9,0,13.3,Norte
2024-11-13,139.54,13,0,13.1,Oeste
2024-11-14,127.75,9,0,14.3,Norte
2024-11-15,181.92,15,1,11.6,Centro
2024-11-16,188.25,15,1,14.7,Sur
2024-11-17,116.54,9,0,13.8,Norte
2024-11-18,135.1,11,0,11.1,Centro
2024-11-19,133.32,11,0,14.9,Centro
2024-11-20,179.14,15,1,16.4,Centro
2024-11-21,157.57,14,0,14.6,Este
2024-11-22,174.83,14,1,15.2,Centro
2024-11-23,157.5,14,0,13.2,Este
2024-11-24,110.0,8,0,10.5,Norte
2024-11-25,115.95,10,0,10.2,Este
2024-11-26,120.4,9,0,13.4,Centro
2024-11-27,119.12,11,0,12.1,Oeste
2024-11-28,124.17,13,0,11.6,Norte
2024-11-29,179.02,14,1,12.9,Centro
2024-11-30,144.53,9,0,13.9,Centro
2024-12-01,170.14,13,0,10.8,Centro
2024-12-02,154.57,14,0,12.3,Centro
2024-12-03,194.88,16,0,15.3,Este
2024-12-04,165.31,14,0,11.4,Oeste
2024-12-05,202.96,17,1,14.3,Sur
2024-12-06,176.99,15,0,12.3,Norte
2024-12-07,254.66,22,1,13.9,Norte
2024-12-08,209.1,18,1,14.7,Este
2024-12-09,167.15,15,0,14.2,Este
2024-12-10,153.81,13,0,14.5,Centro
2024-12-11,172.49,15,0,11.4,Oeste
2024-12-12,203.62,16,1,14.8,Centro
2024-12-13,205.24,16,0,11.9,Este
2024-12-14,205.84,19,0,13.6,Oeste
2024-12-15,163.84,13,0,13.6,Este
2024-12-16,140.67,12,0,14.0,Centro
2024-12-17,158.36,13,0,13.8,Sur
2024-12-18,178.24,14,0,12.1,Centro
2024-12-19,188.67,15,0,11.3,Este
2024-12-20,202.82,18,0,14.7,Centro
2024-12-21,183.0,15,0,13.7,Sur
2024-12-22,167.14,11,0,15.2,Oeste
2024-12-23,176.49,14,0,13.4,Centro
2024-12-24,152.97,14,0,11.4,Centro
2024-12-25,172.7,14,0,15.0,Sur
2024-12-26,227.39,16,1,13.1,Norte
2024-12-27,190.26,17,0,14.2,Centro
2024-12-28,182.0,15,0,12.8,Centro
2024-12-29,162.53,13,0,16.3,Norte
2024-12-30,164.79,13,0,12.5,Sur
2024-12-31,169.86,15,0,13.4,Sur
2025-01-01,128.92,10,0,14.1,Centro
2025-01-02,135.41,12,0,12.3,Norte
2025-01-03,154.75,13,0,14.5,Centro
2025-01-04,166.88,14,0,16.5,Centro
2025-01-05,124.73,10,0,13.4,Este
2025-01-06,126.0,10,0,14.8,Centro
2025-01-07,134.36,12,0,10.1,Norte
2025-01-08,117.57,8,0,14.3,Oeste
2025-01-09,146.9,10,0,13.9,Norte
2025-01-10,157.49,13,0,13.2,Sur
2025-01-11,165.26,14,0,16.1,Centro
2025-01-12,139.85,12,0,14.1,Centro
2025-01-13,113.1,10,0,14.4,Centro
2025-01-14,116.28,9,0,14.2,Este
2025-01-15,142.16,12,0,11.9,Este
2025-01-16,144.76,12,0,13.2,Centro
2025-01-17,161.95,12,0,16.4,Centro
2025-01-18,163.05,13,0,11.9,Centro
2025-01-19,139.75,14,0,14.0,Sur
2025-01-20,168.69,11,1,14.6,Sur
2025-01-21,143.84,12,0,17.9,Sur
2025-01-22,180.07,12,1,16.5,Oeste
2025-01-23,126.84,10,0,14.6,Centro
2025-01-24,171.08,13,0,17.5,Sur
2025-01-25,183.08,12,0,14.5,Sur
2025-01-26,142.8,12,0,17.2,Centro
2025-01-27,130.05,10,0,13.7,Oeste
2025-01-28,149.08,9,0,17.5,Centro
2025-01-29,154.45,13,0,15.3,Este
2025-01-30,166.95,15,0,14.5,Este
2025-01-31,158.12,14,0,15.8,Oeste
2025-02-01,172.14,14,0,16.6,Norte
2025-02-02,147.41,12,0,15.6,Centro
2025-02-03,143.06,13,0,17.2,Este
2025-02-04,134.85,13,0,15.6,Este
2025-02-05,153.73,14,0,17.5,Norte
2025-02-06,160.92,12,0,17.4,Este
2025-02-07,171.58,14,0,16.7,Centro
2025-02-08,221.07,18,1,16.2,Sur
2025-02-09,141.26,9,0,17.2,Oeste
2025-02-10,161.21,13,0,17.9,Centro
2025-02-11,141.01,14,0,20.3,Norte
2025-02-12,147.74,13,0,18.7,Oeste
2025-02-13,206.22,18,1,,Este
2025-02-14,183.6,15,0,22.1,Oeste
2025-02-15,167.44,13,0,18.3,Centro
2025-02-16,134.93,11,0,18.4,Oeste
2025-02-17,130.27,9,0,18.8,Centro
2025-02-18,154.6,11,0,16.4,Norte
2025-02-19,146.71,13,0,17.3,Norte
2025-02-20,159.68,14,0,17.3,Este
2025-02-21,185.78,14,0,19.1,Oeste
2025-02-22,180.39,16,0,18.0,Este
2025-02-23,154.76,12,0,18.6,Sur
2025-02-24,152.1,13,0,20.1,Norte
2025-02-25,165.46,14,0,19.9,Norte
2025-02-26,167.15,15,0,18.4,Norte
2025-02-27,161.14,13,0,17.8,Centro
2025-02-28,182.03,16,0,20.6,Norte
2025-03-01,201.82,17,0,20.2,Oeste
2025-03-02,160.98,14,0,16.7,Este
2025-03-03,145.75,11,0,18.7,Este
2025-03-04,169.95,16,0,19.6,Centro
2025-03-05,156.22,13,0,20.6,Norte
2025-03-06,186.87,16,0,20.9,Centro
2025-03-07,198.67,14,0,20.0,Centro
2025-03-08,199.01,15,0,20.6,Norte
2025-03-09,163.36,15,0,19.9,Centro
2025-03-10,162.39,13,0,18.9,Centro
2025-03-11,174.95,12,0,19.6,Sur
2025-03-12,168.15,15,0,20.2,Norte
2025-03-13,179.9,14,0,20.2,Norte
2025-03-14,201.96,18,0,17.5,Centro
2025-03-15,195.31,16,0,19.8,Norte
2025-03-16,160.46,13,0,20.6,Norte
2025-03-17,157.37,14,0,20.2,Norte
2025-03-18,162.37,12,0,20.4,Sur
2025-03-19,158.42,11,0,21.6,Centro
2025-03-20,189.7,15,0,19.3,Oeste
2025-03-21,216.19,18,0,18.6,Centro
2025-03-22,251.98,19,1,20.6,Norte
2025-03-23,155.23,10,0,22.4,Centro
2025-03-24,181.44,16,0,23.8,Norte
2025-03-25,192.1,15,0,22.6,Centro
2025-03-26,177.01,14,0,19.3,Oeste
2025-03-27,188.29,13,0,21.2,Centro
2025-03-28,182.88,14,0,22.1,Sur
2025-03-29,213.32,17,0,22.0,Centro
2025-03-30,165.71,14,0,22.7,Centro
2025-03-31,181.03,14,0,20.6,Norte
2025-04-01,213.89,19,1,22.1,Norte
2025-04-02,191.84,15,0,22.8,Norte
2025-04-03,202.34,15,0,23.5,Oeste
2025-04-04,199.94,18,0,21.1,Este
2025-04-05,204.09,17,0,21.9,Oeste
2025-04-06,159.57,12,0,18.4,Centro
2025-04-07,181.14,14,0,21.6,Este
2025-04-08,181.67,16,0,21.9,Sur
2025-04-09,175.64,16,0,21.2,Sur
2025-04-10,201.35,15,0,23.1,Oeste
2025-04-11,207.98,17,0,22.8,Sur
2025-04-12,209.39,17,0,19.6,Oeste
2025-04-13,180.26,13,0,23.4,Este
2025-04-14,199.17,16,0,21.7,Centro
2025-04-15,198.14,16,0,23.9,Sur
2025-04-16,194.45,17,0,21.3,Norte
2025-04-17,207.59,18,0,23.4,Oeste
2025-04-18,205.43,16,0,23.0,Este
2025-04-19,225.0,18,0,23.9,Centro
2025-04-20,191.78,16,0,23.7,Centro
2025-04-21,188.23,14,0,23.2,Centro
2025-04-22,200.91,17,0,21.4,Norte
2025-04-23,192.37,15,0,21.5,Centro
2025-04-24,210.88,16,0,22.9,Este
2025-04-25,226.91,17,0,23.9,Sur
2025-04-26,199.82,18,0,23.0,Este
2025-04-27,206.49,16,0,24.9,Centro
2025-04-28,166.71,15,0,23.6,Norte
2025-04-29,194.61,15,0,22.6,Centro
2025-04-30,214.61,18,0,23.7,Oeste
2025-05-01,206.75,19,0,24.5,Centro
2025-05-02,210.84,16,0,24.7,Centro
2025-05-03,222.12,15,0,27.1,Centro
2025-05-04,208.89,18,0,23.3,Este
2025-05-05,181.96,14,0,24.3,Centro
2025-05-06,216.01,17,0,,Sur
2025-05-07,207.71,16,0,24.4,Este
2025-05-08,201.87,16,0,23.8,Este
2025-05-09,223.49,17,0,22.2,Centro
2025-05-10,226.67,18,0,23.8,Centro
2025-05-11,211.01,17,0,23.0,Norte
2025-05-12,212.18,16,0,22.1,Centro
2025-05-13,191.17,14,0,23.5,Sur
2025-05-14,207.81,16,0,23.2,Centro
2025-05-15,208.7,15,0,25.6,Norte
2025-05-16,245.75,19,0,25.7,Centro
2025-05-17,226.78,18,0,23.5,Sur
2025-05-18,221.79,17,0,24.5,Centro
2025-05-19,207.87,16,0,22.1,Sur
2025-05-20,200.03,16,0,24.1,Centro
2025-05-21,208.32,16,0,25.5,Oeste
2025-05-22,212.51,18,0,26.2,Sur
2025-05-23,223.21,20,0,23.9,Centro
2025-05-24,244.32,19,0,26.5,Centro
2025-05-25,196.5,16,0,22.7,Centro
2025-05-26,189.38,15,0,23.1,Centro
2025-05-27,210.78,17,0,26.0,Centro
2025-05-28,199.93,18,0,27.5,Oeste
2025-05-29,215.82,18,0,25.7,Sur
2025-05-30,229.62,16,0,24.9,Centro
2025-05-31,237.35,20,0,21.7,Sur
2025-06-01,231.43,20,0,22.0,Centro
2025-06-02,214.33,17,0,25.2,Oeste
2025-06-03,219.55,19,0,24.5,Centro
2025-06-04,202.66,15,0,23.3,Este
2025-06-05,219.21,16,0,25.1,Este
2025-06-06,243.21,20,0,25.1,Centro
2025-06-07,238.11,17,0,26.4,Centro
2025-06-08,222.73,18,0,25.2,Centro
2025-06-09,203.91,18,0,26.8,Oeste
2025-06-10,246.73,17,1,24.9,Norte
2025-06-11,256.09,19,1,24.7,Sur
2025-06-12,229.38,17,0,26.5,Este
2025-06-13,236.58,19,0,23.4,Este
2025-06-14,247.51,19,0,29.1,Norte
2025-06-15,213.09,19,0,25.4,Norte
2025-06-16,210.33,18,0,25.4,Este
2025-06-17,225.74,19,0,25.5,Centro
2025-06-18,226.48,18,0,27.5,Oeste
2025-06-19,228.41,19,0,25.9,Centro
2025-06-20,240.17,18,0,22.3,Centro
2025-06-21,259.62,22,0,26.7,Este
2025-06-22,214.47,16,0,24.1,Centro
2025-06-23,215.92,18,0,24.7,Centro
2025-06-24,250.18,21,1,22.6,Centro
2025-06-25,242.25,20,0,25.3,Norte
2025-06-26,217.01,17,0,23.4,Este
2025-06-27,296.6,24,1,24.5,Centro
2025-06-28,233.73,15,0,23.9,Centro
2025-06-29,219.94,18,0,27.2,Norte
2025-06-30,235.62,19,0,27.2,Oeste
2025-07-01,227.84,18,0,24.3,Centro
2025-07-02,227.74,19,0,24.2,Oeste
2025-07-03,225.5,18,0,23.5,Oeste
2025-07-04,246.48,18,0,25.7,Centro
2025-07-05,250.71,20,0,23.5,Este
2025-07-06,210.41,17,0,23.3,Sur
2025-07-07,217.41,18,0,25.3,Norte
2025-07-08,225.33,18,0,23.0,Norte
2025-07-09,218.69,19,0,23.7,Este
2025-07-10,223.31,17,0,21.3,Este
2025-07-11,232.78,19,0,24.6,Este
2025-07-12,257.28,22,0,26.4,Oeste
2025-07-13,223.82,16,0,24.5,Norte
2025-07-14,222.66,18,0,25.6,Este
2025-07-15,232.97,18,0,22.0,Oeste
2025-07-16,227.16,18,0,23.6,Centro
2025-07-17,235.15,18,0,21.8,Centro
2025-07-18,249.22,20,0,22.8,Norte
2025-07-19,252.21,22,0,24.2,Oeste
2025-07-20,212.74,16,0,23.1,Centro
2025-07-21,242.12,18,0,20.7,Este
2025-07-22,218.37,16,0,20.8,Centro
2025-07-23,219.14,20,0,20.6,Centro
2025-07-24,235.04,18,0,23.4,Sur
2025-07-25,248.11,20,0,25.6,Centro
2025-07-26,238.43,19,0,24.5,Oeste
2025-07-27,228.59,17,0,19.5,Centro
2025-07-28,218.29,17,0,24.4,Oeste
2025-07-29,210.99,20,0,23.6,Centro
2025-07-30,236.84,21,0,19.8,Oeste
2025-07-31,236.06,18,0,21.6,Sur
2025-08-01,232.01,19,0,23.6,Centro
2025-08-02,269.26,21,0,22.7,Centro
2025-08-03,222.91,16,0,19.8,Centro
2025-08-04,218.04,19,0,22.6,Sur
2025-08-05,236.86,20,0,18.4,Este
2025-08-06,225.37,19,0,21.1,Norte
2025-08-07,228.3,18,0,23.1,Norte
2025-08-08,236.78,19,0,21.3,Sur
2025-08-09,255.99,21,0,20.4,Norte
2025-08-10,219.73,18,0,22.4,Sur
2025-08-11,216.89,17,0,22.4,Norte
2025-08-12,211.62,15,0,22.9,Este
2025-08-13,223.59,18,0,22.1,Oeste
2025-08-14,226.36,19,0,22.3,Centro
2025-08-15,228.48,17,0,21.7,Centro
2025-08-16,233.85,19,0,20.9,Centro
2025-08-17,218.97,18,0,20.5,Sur
2025-08-18,189.05,16,0,19.9,Centro
2025-08-19,219.86,19,0,18.4,Oeste
2025-08-20,215.76,16,0,18.7,Sur
2025-08-21,265.64,19,1,19.6,Norte
2025-08-22,235.07,18,0,20.2,Este
2025-08-23,253.32,21,0,21.9,Centro
2025-08-24,207.48,16,0,19.6,Este
2025-08-25,214.3,16,0,21.1,Centro
2025-08-26,223.24,16,0,21.1,Sur
2025-08-27,229.11,20,1,19.0,Oeste
2025-08-28,233.25,20,0,20.2,Este
2025-08-29,228.05,19,0,18.8,Oeste
2025-08-30,247.63,21,0,21.0,Centro
2025-08-31,218.6,18,0,19.9,Este
2025-09-01,217.67,17,0,17.1,Sur
2025-09-02,232.92,18,0,19.0,Sur
2025-09-03,208.81,16,0,21.1,Centro
2025-09-04,245.57,23,1,18.3,Centro
2025-09-05,265.39,22,1,19.1,Sur
2025-09-06,249.09,19,0,19.2,Centro
2025-09-07,212.14,18,0,16.7,Este
2025-09-08,209.86,16,0,18.9,Este
2025-09-09,200.28,18,0,15.9,Oeste
2025-09-10,221.85,17,0,17.0,Centro
2025-09-11,206.61,17,0,19.4,Oeste
2025-09-12,245.11,21,0,18.3,Centro
2025-09-13,268.77,22,0,17.2,Norte
2025-09-14,231.02,19,1,18.2,Este
2025-09-15,212.36,17,0,17.3,Centro
2025-09-16,247.0,20,1,17.4,Centro
2025-09-17,193.75,15,0,18.2,Centro
2025-09-18,210.49,16,0,16.0,Norte
2025-09-19,220.25,19,0,17.1,Este
2025-09-20,223.38,18,0,16.5,Centro
2025-09-21,219.73,17,0,14.5,Centro
2025-09-22,206.9,16,0,15.4,Sur
2025-09-23,210.64,18,0,19.0,Centro
2025-09-24,206.41,17,0,17.1,Este
2025-09-25,212.44,18,0,14.5,Oeste
2025-09-26,238.48,19,0,14.1,Este
2025-09-27,235.18,20,0,16.1,Oeste
2025-09-28,205.48,16,0,18.5,Norte
2025-09-29,199.88,16,0,15.8,Este
2025-09-30,201.09,17,0,18.0,Centro
2025-10-01,193.12,16,0,16.4,Centro
2025-10-02,192.08,14,0,16.5,Sur
2025-10-03,223.92,17,0,13.7,Centro
2025-10-04,233.78,19,0,17.1,Oeste
2025-10-05,185.04,17,0,15.1,Sur
2025-10-06,199.24,14,0,16.8,Oeste
2025-10-07,202.8,17,0,14.2,Centro
2025-10-08,183.39,13,0,15.6,Norte
2025-10-09,200.49,15,0,15.8,Este
2025-10-10,228.41,18,0,14.9,Centro
2025-10-11,234.91,18,0,15.7,Norte
2025-10-12,184.2,14,0,14.6,Sur
2025-10-13,199.02,16,0,14.0,Oeste
2025-10-14,210.37,16,0,17.3,Este
2025-10-15,210.63,15,0,16.4,Centro
2025-10-16,206.62,17,0,13.6,Norte
2025-10-17,217.61,18,0,15.5,Sur
2025-10-18,222.72,19,0,13.4,Centro
2025-10-19,198.42,14,0,12.7,Norte
2025-10-20,197.42,16,0,16.0,Centro
2025-10-21,204.5,17,0,11.8,Centro
2025-10-22,202.26,15,0,15.7,Norte
2025-10-23,213.87,17,0,,Centro
2025-10-24,221.38,18,0,13.9,Sur
2025-10-25,235.04,21,0,,Centro
2025-10-26,200.66,18,0,14.9,Este
2025-10-27,185.67,13,0,12.8,Centro
2025-10-28,178.4,17,0,15.0,Oeste
2025-10-29,259.66,20,1,14.1,Centro
2025-10-30,206.61,18,0,11.9,Norte
2025-10-31,201.68,17,0,13.5,Centro
2025-11-01,218.48,16,0,15.8,Centro
2025-11-02,198.13,16,0,16.2,Norte
2025-11-03,211.58,17,1,14.7,Este
2025-11-04,189.91,16,0,11.8,Oeste
2025-11-05,211.85,17,0,14.3,Centro
2025-11-06,192.2,17,0,14.8,Centro
2025-11-07,245.93,20,1,14.5,Este
2025-11-08,226.45,18,0,14.6,Sur
2025-11-09,193.08,17,0,13.9,Centro
2025-11-10,195.99,16,0,13.2,Este
2025-11-11,202.99,17,0,12.4,Norte
2025-11-12,198.73,15,0,10.4,Sur
2025-11-13,206.51,15,0,13.8,Centro
2025-11-14,213.9,16,0,13.5,Norte
2025-11-15,224.0,17,0,14.0,Centro
2025-11-16,189.34,16,0,11.2,Este
2025-11-17,192.32,17,0,14.1,Centro
2025-11-18,238.49,19,1,16.2,Este
2025-11-19,201.54,18,0,13.2,Este
2025-11-20,201.35,18,0,13.0,Este
2025-11-21,207.75,17,0,13.5,Centro
2025-11-22,254.11,19,1,16.1,Centro
2025-11-23,187.44,17,0,11.5,Norte
2025-11-24,191.61,15,0,13.3,Sur
2025-11-25,264.6,21,1,11.8,Oeste
2025-11-26,190.37,15,0,12.2,Centro
2025-11-27,204.81,15,0,12.9,Oeste
2025-11-28,226.26,16,0,15.0,Centro
2025-11-29,223.54,19,0,15.7,Centro
2025-11-30,210.95,16,0,13.7,Centro
2025-12-01,225.8,22,0,12.4,Este
2025-12-02,235.84,18,0,16.7,Centro
2025-12-03,227.64,17,0,12.4,Centro
2025-12-04,267.5,22,1,12.2,Este
2025-12-05,258.19,22,0,10.4,Norte
2025-12-06,271.22,22,0,15.1,Centro
2025-12-07,231.01,19,0,14.5,Centro
2025-12-08,242.48,17,0,16.7,Norte
2025-12-09,232.02,18,0,11.0,Centro
2025-12-10,232.74,17,0,15.3,Centro
2025-12-11,321.03,23,1,13.2,Sur
2025-12-12,260.2,21,0,14.3,Centro
2025-12-13,301.27,21,1,10.7,Sur
2025-12-14,267.5,20,1,15.4,Centro
2025-12-15,221.2,17,0,14.4,Centro
2025-12-16,243.13,18,0,13.2,Centro
2025-12-17,233.27,19,0,14.2,Centro
2025-12-18,243.35,20,0,12.1,Centro
2025-12-19,256.61,22,0,12.5,Centro
2025-12-20,305.0,25,1,12.7,Oeste
2025-12-21,221.14,19,0,10.6,Este
2025-12-22,221.04,18,0,14.7,Centro
2025-12-23,237.24,19,0,15.3,Sur
2025-12-24,280.67,23,1,12.5,Sur
2025-12-25,246.76,20,0,14.1,Este
2025-12-26,250.57,20,0,13.2,Centro
2025-12-27,272.68,21,0,14.1,Centro
2025-12-28,223.71,17,0,12.7,Centro
2025-12-29,228.19,19,0,12.4,Centro
2025-12-30,227.23,18,0,15.4,Centro
2025-12-31,252.95,19,0,13.7,Oeste
