edad,ingreso,visitas,compras,gasto_total,ciudad,fecha_registro,gasto_siguiente_mes
52,80138,1,0,801,Guadalajara,2023-06-02,1480
38,52829,6,2,1914,Puebla,2021-08-03,1327
29,27427,7,3,2241,Monterrey,2021-04-10,1396
34,67056,6,2,1721,CDMX,2023-05-04,2016
35,34282,13,6,1683,CDMX,2023-12-25,1480
46,13886,6,2,1258,Puebla,2024-08-12,1377
19,201682,7,2,3671,CDMX,2022-10-04,2595
26,69846,12,2,2070,Monterrey,2022-07-13,2020
33,121666,8,3,2053,Monterrey,2021-05-20,1553
68,31076,4,1,962,Guadalajara,2025-12-19,1348
49,102104,4,2,1700,CDMX,2024-09-08,1827
37,108547,5,2,3054,CDMX,2021-01-28,2916
47,106646,7,2,2430,CDMX,2025-12-08,2724
63,48504,8,3,1828,Guadalajara,2025-02-01,1623
35,26870,4,1,1053,Guadalajara,2022-11-10,1349
34,44862,12,5,3041,Guadalajara,2021-11-20,2801
53,16295,7,4,3141,Puebla,2026-02-19,1949
44,20931,3,1,863,Monterrey,2026-03-12,1639
46,51327,4,2,1417,Guadalajara,2023-06-23,1807
32,29861,9,3,2584,Puebla,2021-07-06,2381
61,45151,4,2,1301,CDMX,2022-10-24,2139
59,46421,5,1,1340,CDMX,2025-10-16,2195
45,128716,7,3,3268,Guadalajara,2025-10-25,2504
46,93790,7,1,1415,CDMX,2023-02-02,1902
18,47933,4,1,825,CDMX,2022-07-09,1564
46,89720,7,4,4584,Guadalajara,2022-06-29,2714
36,33195,5,2,2120,Guadalajara,2025-05-19,1888
43,41421,4,1,853,Puebla,2021-03-19,1401
46,77274,10,5,5406,Guadalajara,2024-02-24,3026
34,26349,2,1,942,Guadalajara,2022-02-21,1563
18,42638,10,4,2878,Guadalajara,2023-07-15,1951
42,25326,5,3,2159,CDMX,2022-12-30,1544
29,51986,7,3,2334,CDMX,2024-03-11,2413
34,110886,7,2,2890,CDMX,2025-11-13,2698
31,33656,2,1,1012,Monterrey,2023-09-15,1355
34,54882,12,5,2250,CDMX,2026-01-13,2164
18,31299,5,2,2317,CDMX,2023-11-16,2365
53,27590,8,2,1872,CDMX,2021-06-01,2176
41,26425,11,3,1665,Monterrey,2025-07-17,1104
51,101456,8,2,2195,CDMX,2023-12-04,1885
62,159726,5,1,2095,CDMX,2026-02-04,2308
38,62413,8,2,1940,Puebla,2021-03-03,2324
18,34264,8,3,2491,Guadalajara,2025-07-03,1641
27,69734,11,3,2767,Monterrey,2021-07-17,2201
24,41475,6,1,964,Guadalajara,2021-05-09,1310
32,73182,3,1,1247,Monterrey,2024-03-16,1655
39,56698,7,3,2944,CDMX,2021-04-06,2604
18,56379,8,4,3096,Guadalajara,2023-09-28,1487
42,66412,4,1,1692,Guadalajara,2025-10-26,1058
20,36690,8,3,1910,Puebla,2025-09-07,1713
42,40047,3,1,1183,CDMX,2024-10-28,1895
37,20731,10,3,2182,Guadalajara,2025-09-14,1594
34,39303,7,2,1438,CDMX,2025-10-07,2116
37,24073,6,2,1999,CDMX,2021-10-31,2476
32,45600,9,3,2468,CDMX,2021-03-08,1653
31,30369,4,2,1303,CDMX,2024-04-19,1695
18,51566,10,4,2901,Monterrey,2024-11-06,2493
38,61489,6,2,2257,CDMX,2025-03-13,1994
60,24099,8,4,2017,Puebla,2021-09-11,1506
62,32642,11,2,2090,Guadalajara,2025-01-07,2234
54,30587,6,3,2601,Guadalajara,2022-06-08,1952
46,71200,3,1,1315,Guadalajara,2023-12-14,1400
30,115057,8,2,2907,Monterrey,2026-03-10,2141
55,75039,5,2,2639,CDMX,2023-09-01,2008
37,41163,8,2,1913,Guadalajara,2025-01-09,2000
37,101977,4,1,1698,CDMX,2023-12-22,1741
35,22993,6,2,2151,Guadalajara,2025-10-23,2173
39,103744,6,2,2841,CDMX,2023-02-24,2042
33,35309,6,2,1341,Puebla,2021-04-01,1498
37,12208,4,1,737,CDMX,2023-12-10,1123
25,184500,6,2,3073,Monterrey,2022-02-03,2476
34,107906,3,2,2241,CDMX,2025-08-22,2500
65,29262,6,3,1486,Puebla,2025-12-23,1648
37,53343,7,3,2939,Monterrey,2022-10-24,2692
35,44035,9,2,1769,CDMX,2025-05-20,1971
44,51591,3,1,1183,Monterrey,2023-04-18,1823
46,23350,5,2,2008,Puebla,2025-11-22,1668
25,34865,7,4,2568,Puebla,2023-04-13,1954
36,61944,8,4,3181,Guadalajara,2024-12-30,2013
49,54795,10,3,2637,CDMX,2025-07-05,2610
41,89288,8,2,2047,CDMX,2022-12-30,2334
39,51015,6,2,1773,Puebla,2022-04-10,2027
57,158675,4,2,3145,Guadalajara,2023-08-05,2599
30,34274,5,3,2288,CDMX,2023-04-15,2333
39,55808,4,2,2307,Puebla,2022-11-12,1630
32,18804,7,2,1234,Guadalajara,2024-11-28,1337
56,26198,8,3,2314,Guadalajara,2023-05-31,1493
18,95250,8,3,2179,CDMX,2023-01-16,2069
30,30595,3,1,936,Guadalajara,2023-10-30,1454
32,63917,4,1,1170,CDMX,2025-06-14,2154
46,47530,7,1,1355,CDMX,2021-12-20,1745
45,29078,5,2,1842,Puebla,2023-10-19,2636
55,41187,4,1,1148,Guadalajara,2021-04-21,1719
19,37907,11,2,2303,Guadalajara,2021-07-07,2558
47,38419,4,2,2172,CDMX,2025-11-01,2434
34,71454,7,3,3029,Monterrey,2022-11-28,1514
30,67926,12,4,2812,CDMX,2022-03-01,2312
44,36728,3,2,1178,CDMX,2021-10-06,2249
27,31146,4,1,956,CDMX,2024-06-13,978
18,56453,5,1,1154,CDMX,2023-04-15,2204
34,46630,6,3,2088,Puebla,2023-03-23,1352
20,81973,3,2,2021,Monterrey,2022-11-24,1848
30,184914,4,2,2589,Guadalajara,2025-04-16,2212
42,74717,6,1,1650,Guadalajara,2022-10-07,1476
42,48177,7,3,1852,Puebla,2021-05-07,1693
57,44980,7,1,986,CDMX,2025-04-25,1588
36,31941,7,1,1066,Guadalajara,2022-10-19,1438
20,31153,7,3,1433,Monterrey,2025-09-01,1778
29,29682,7,1,1103,CDMX,2025-03-23,2975
27,40229,5,1,1211,Guadalajara,2024-12-06,1791
23,39594,5,1,993,Monterrey,2022-08-09,1882
43,71102,2,1,1178,Puebla,2024-12-26,1452
30,40155,5,2,1541,CDMX,2025-08-07,1604
18,44412,8,2,1116,Puebla,2025-08-24,1344
46,26658,6,2,2038,CDMX,2025-08-02,2542
37,111557,4,2,2434,Monterrey,2025-10-10,2170
42,63164,4,1,1157,Monterrey,2022-08-15,2101
39,119903,6,1,1695,CDMX,2021-11-28,2320
46,73017,4,2,2225,Guadalajara,2022-01-27,2851
38,103241,5,1,1938,Monterrey,2025-09-02,1708
53,43293,11,4,2167,CDMX,2021-10-17,2326
43,70163,6,2,1806,Guadalajara,2021-11-03,2058
43,189615,8,1,2247,Monterrey,2025-08-28,2579
43,26588,8,3,2561,Guadalajara,2022-06-01,1681
21,88268,4,2,2236,Monterrey,2024-07-03,1689
36,114574,7,2,3214,CDMX,2025-02-11,2609
35,60510,9,2,1863,CDMX,2021-06-13,2225
40,71869,7,4,3022,CDMX,2021-09-29,2041
22,92950,6,1,1459,CDMX,2024-11-26,1785
58,35061,6,1,1146,CDMX,2026-01-07,2026
39,60398,8,2,1349,Puebla,2021-04-24,1862
23,31445,9,2,1870,Guadalajara,2025-11-06,1592
18,34696,3,1,1039,CDMX,2026-02-17,1515
35,35747,3,2,1485,CDMX,2021-01-01,1707
37,45564,7,1,952,Puebla,2025-11-12,2126
29,52833,5,2,2188,Guadalajara,2024-04-24,2102
39,61791,5,2,2552,Puebla,2024-09-03,1904
30,23731,7,1,811,Guadalajara,2025-10-25,1718
45,135048,4,1,2091,Guadalajara,2022-08-16,3091
29,88589,2,1,1833,Puebla,2023-10-24,2304
38,71096,3,1,1255,Monterrey,2022-06-22,1417
50,40812,8,2,1622,Guadalajara,2023-10-18,1703
69,46833,7,2,1352,Guadalajara,2023-07-28,1480
26,64899,9,5,3773,Puebla,2024-01-20,2046
32,60519,5,2,1877,Guadalajara,2024-06-05,1415
28,20733,4,2,1364,Puebla,2023-11-17,1225
47,71657,3,2,1764,CDMX,2021-10-16,1722
24,218409,8,2,2943,Guadalajara,2024-01-11,2506
32,19022,8,2,1031,Guadalajara,2023-08-03,1448
38,81621,10,5,3232,Puebla,2024-07-16,1518
26,59234,6,2,2111,CDMX,2023-05-11,1653
27,46295,7,2,1589,Monterrey,2025-12-22,1558
32,99063,3,1,1495,Monterrey,2021-01-30,2296
18,26721,7,4,3316,Monterrey,2021-06-06,2500
21,53292,6,3,2772,Guadalajara,2025-09-30,1989
33,103879,5,2,2081,Puebla,2022-03-21,760
40,44309,6,2,1529,CDMX,2024-03-27,1732
36,39552,10,4,3448,CDMX,2021-01-11,2380
18,51999,2,0,520,CDMX,2025-06-18,1331
32,39012,8,2,1404,CDMX,2021-05-07,1562
48,108509,4,1,1776,CDMX,2022-03-30,2261
45,30763,8,3,2243,Puebla,2022-01-19,1535
37,76762,7,4,4131,Monterrey,2025-11-10,3404
27,25762,5,2,1260,CDMX,2025-09-10,1906
46,69133,5,1,1493,Guadalajara,2021-03-05,1949
31,46449,5,2,1913,Guadalajara,2022-08-22,1856
24,12996,6,2,1084,Guadalajara,2024-09-30,1337
28,48870,8,4,3812,Monterrey,2024-02-17,2528
55,28328,10,3,2701,CDMX,2025-08-21,2115
41,39011,7,2,1238,Puebla,2022-08-18,1395
52,108096,8,2,3061,Guadalajara,2025-01-17,2713
32,27604,14,3,1636,Guadalajara,2026-02-20,1879
49,28425,4,1,777,Guadalajara,2022-09-29,1552
31,102790,7,2,2217,CDMX,2022-01-01,2759
36,52031,8,3,2867,CDMX,2024-02-13,2439
68,108268,3,1,1833,Guadalajara,2023-01-21,1840
47,57890,6,3,2480,Monterrey,2026-02-21,1403
32,31147,3,1,1196,Monterrey,2022-12-04,1559
37,47378,2,1,1193,Monterrey,2021-02-22,1829
42,92232,12,4,4482,CDMX,2022-02-10,3149
53,79519,8,2,3065,Puebla,2021-10-12,2651
32,49043,5,2,1857,Monterrey,2021-05-21,1788
18,50265,7,1,709,Puebla,2021-09-17,1069
35,46265,4,1,1035,Guadalajara,2023-01-13,1874
38,36412,7,3,1758,Puebla,2023-08-27,1873
39,132315,6,1,1989,CDMX,2022-01-19,2420
54,49202,5,2,1826,CDMX,2023-12-22,2136
42,27407,4,2,1151,CDMX,2021-02-14,2223
48,38361,5,2,1285,CDMX,2024-09-30,1846
25,71212,11,6,4339,CDMX,2025-08-10,2678
48,68171,5,1,1298,CDMX,2025-11-11,1296
63,45684,5,1,657,Guadalajara,2022-10-14,1834
47,34765,7,2,1984,CDMX,2025-04-10,2269
41,49627,4,2,1807,Guadalajara,2021-01-22,1910
40,20737,3,1,856,CDMX,2023-02-22,1553
59,25104,6,2,1654,Monterrey,2024-03-16,1363
27,73917,5,3,2157,CDMX,2023-08-15,2051
37,38316,7,1,1024,CDMX,2023-06-28,1837
44,59441,6,3,3085,Puebla,2021-04-14,2467
47,91702,11,5,5102,Guadalajara,2024-08-03,2432
33,68457,2,1,1415,Monterrey,2025-08-24,2311
42,49543,6,2,1698,Monterrey,2022-11-16,1871
35,146384,4,2,2478,Guadalajara,2023-03-26,2528
39,69096,7,2,2450,CDMX,2021-09-24,2118
36,40854,9,3,2632,Guadalajara,2023-12-18,2152
24,71421,10,4,3020,CDMX,2024-04-30,2762
38,60456,11,2,1148,Monterrey,2025-10-28,1612
49,31571,5,2,1312,Puebla,2023-01-27,914
26,50894,6,1,822,Puebla,2025-01-28,1163
35,45035,4,2,2186,CDMX,2025-07-24,2291
46,17840,4,2,1544,CDMX,2024-07-04,1374
25,44863,5,2,1488,CDMX,2022-09-13,1451
40,42382,7,4,2830,CDMX,2023-05-01,2352
25,39131,8,3,3705,Guadalajara,2022-02-27,2211
52,21046,7,2,1936,Monterrey,2025-09-29,2060
66,40851,6,2,1237,CDMX,2021-12-20,1456
62,48031,5,2,1734,Puebla,2024-03-31,966
35,51658,5,1,951,Monterrey,2022-05-02,1446
47,27346,7,3,1315,CDMX,2021-03-24,2291
39,67854,4,1,1359,Monterrey,2022-03-30,1679
39,26243,5,2,2411,Puebla,2023-04-13,1868
57,43695,4,1,1361,CDMX,2023-09-19,2125
22,95878,5,1,1616,Guadalajara,2021-12-12,1771
51,34342,6,3,2095,Guadalajara,2022-12-09,2170
37,37703,6,3,2433,Guadalajara,2022-12-25,2013
55,85108,8,1,1683,CDMX,2026-01-16,2388
40,40241,8,4,1972,Monterrey,2024-05-17,1235
30,42082,9,5,2022,Guadalajara,2022-01-23,1211
41,54923,10,4,4477,Monterrey,2021-07-02,1950
47,84054,3,1,1540,Monterrey,2025-11-22,1879
38,15799,5,1,1092,CDMX,2021-09-15,1840
44,32030,7,3,2396,Monterrey,2022-09-30,2267
32,29218,5,2,2115,Puebla,2021-09-16,2272
18,28079,4,2,1365,Puebla,2023-07-08,1296
49,31606,6,3,2530,CDMX,2023-12-15,2107
46,31864,6,2,2168,CDMX,2025-12-28,2250
40,57217,10,5,4727,Monterrey,2023-03-05,3277
39,31068,6,3,2016,CDMX,2025-01-23,1686
50,52198,4,1,1331,Guadalajara,2023-06-22,2005
33,60217,6,1,1134,Puebla,2025-12-04,1365
30,33724,3,0,337,CDMX,2022-04-19,1320
36,52414,8,4,3496,CDMX,2023-10-21,2788
52,113409,3,1,2033,Guadalajara,2021-06-25,2086
21,57816,6,2,2180,Monterrey,2022-08-27,1753
52,35366,4,2,1206,CDMX,2023-12-17,1933
30,47417,3,1,1279,CDMX,2024-07-06,1951
25,30670,11,3,2619,CDMX,2021-04-20,2296
53,56307,3,1,1131,Monterrey,2024-07-25,1669
37,76208,2,0,762,Monterrey,2026-02-25,1584
22,32242,2,1,1153,CDMX,2021-03-20,1847
34,44048,4,1,1248,CDMX,2021-10-02,2290
49,86565,4,2,2343,Guadalajara,2021-07-23,2255
52,38016,4,1,722,CDMX,2025-08-29,2045
33,53963,6,2,1308,CDMX,2025-12-03,2146
43,29055,7,2,1952,CDMX,2022-08-15,2408
47,32261,5,3,2702,Guadalajara,2024-10-01,1919
30,37732,7,3,2592,CDMX,2024-11-21,2244
42,145533,5,1,2061,Monterrey,2025-04-13,2150
38,39954,8,1,1120,Guadalajara,2022-11-26,2641
32,37610,5,1,929,CDMX,2021-12-24,1770
32,36990,4,2,1558,CDMX,2022-07-02,2112
39,45125,7,3,1936,Monterrey,2026-01-26,2188
38,68048,5,2,2073,CDMX,2025-06-25,1667
31,53892,8,3,2265,CDMX,2022-07-26,1922
33,137161,5,2,3012,CDMX,2021-08-27,2570
51,54551,5,2,2103,CDMX,2021-09-24,1920
41,101083,9,2,2020,Puebla,2025-10-19,1308
49,56295,4,2,2520,CDMX,2022-11-14,2212
52,66356,8,4,2460,CDMX,2025-11-24,2499
45,23818,4,2,1699,Monterrey,2022-10-30,2039
65,46003,2,0,460,Guadalajara,2024-11-21,1189
28,47360,5,1,1353,CDMX,2021-04-21,2152
48,43413,6,3,1198,Guadalajara,2022-05-01,966
34,16707,10,5,4314,Puebla,2025-05-28,2473
60,76139,4,2,2499,CDMX,2022-11-04,2520
58,40394,4,2,2220,Monterrey,2025-07-12,1627
18,39378,3,1,645,CDMX,2021-06-05,1727
26,43149,2,1,960,Monterrey,2022-01-11,1609
46,43737,3,1,1070,Monterrey,2024-05-21,1504
47,60087,6,2,1741,Monterrey,2023-11-13,1540
47,25964,4,2,2041,Monterrey,2024-08-23,1687
37,30776,4,1,836,CDMX,2025-07-13,1337
43,56688,7,2,2308,CDMX,2021-08-31,2508
46,52722,4,2,2029,Guadalajara,2022-12-20,2026
37,40606,10,3,1572,Monterrey,2021-12-10,1889
50,36792,3,1,840,CDMX,2023-08-26,1645
18,32299,7,3,2020,CDMX,2022-06-04,1930
46,47611,6,3,2478,Guadalajara,2022-04-09,2666
26,88465,3,1,1713,Monterrey,2022-07-30,1574
50,28882,10,4,2758,Puebla,2023-06-09,2231
35,104994,3,1,1863,CDMX,2025-04-03,2452
27,74756,4,1,1114,CDMX,2022-08-17,1978
42,39086,6,1,492,Monterrey,2025-05-13,1140
27,72514,3,1,1314,Guadalajara,2025-04-16,1665
27,23554,9,2,1701,Monterrey,2024-10-28,1419
19,20624,7,3,1961,Puebla,2021-10-30,1174
38,25722,5,2,1194,Puebla,2022-03-16,1320
44,39940,2,1,1125,Monterrey,2021-03-04,1271
50,41660,6,3,3410,Monterrey,2023-10-21,2672
36,37889,4,0,1010,CDMX,2025-09-08,2109
51,51519,6,2,1554,Guadalajara,2025-11-01,515
38,16855,4,1,666,CDMX,2021-11-24,1135
37,62798,6,1,1632,Monterrey,2023-07-06,2194
45,24109,5,2,1527,Monterrey,2023-11-10,1775
51,35227,6,3,2633,Monterrey,2026-02-20,2041
34,39878,5,1,1268,Guadalajara,2024-09-09,1859
35,27499,5,2,1963,CDMX,2022-05-22,2362
36,24699,7,2,1215,Guadalajara,2022-09-13,1828
39,29642,4,1,1119,CDMX,2024-08-29,2419
27,48729,7,3,2893,Monterrey,2025-11-01,2155
50,65841,5,1,1396,Guadalajara,2024-02-16,2124
33,64998,9,4,3977,CDMX,2022-10-04,2246
44,29815,6,2,1396,Guadalajara,2022-01-06,1612
28,32998,7,2,1603,Monterrey,2022-01-10,1454
42,30937,7,2,1420,CDMX,2021-11-18,2369
43,61384,6,3,2973,Monterrey,2021-05-05,3082
33,17699,5,3,1774,Puebla,2025-12-25,1542
62,91051,2,1,1631,CDMX,2025-09-06,1744
42,38469,4,1,838,CDMX,2022-12-13,1706
59,33131,3,1,959,Monterrey,2022-02-15,1678
50,58089,8,1,1166,Puebla,2023-11-29,1625
30,82151,6,3,2710,CDMX,2025-09-02,2600
33,58180,8,1,1256,Monterrey,2023-09-19,2191
43,82981,3,1,1447,Monterrey,2023-05-18,1126
39,52427,5,1,1135,Puebla,2025-06-14,1885
39,90655,4,1,1184,CDMX,2025-11-08,1738
35,91362,6,1,1763,CDMX,2026-01-14,2101
18,46642,5,1,1004,Puebla,2021-06-15,1953
35,100670,5,3,2825,CDMX,2023-01-21,2301
18,53229,2,1,1033,CDMX,2025-06-13,1330
42,51198,3,1,1342,Guadalajara,2021-11-24,1433
29,30923,8,4,2258,Guadalajara,2026-02-04,1751
29,42430,4,1,1165,Monterrey,2025-01-19,2010
35,72315,8,4,4172,CDMX,2024-09-12,3243
41,25430,7,2,2147,Puebla,2024-08-01,1677
21,67834,4,1,1542,CDMX,2021-09-11,2106
18,58355,5,2,2107,Monterrey,2023-08-15,2540
25,56319,3,1,998,CDMX,2026-03-11,1589
18,16265,5,1,1045,Guadalajara,2022-11-30,2074
26,46554,5,2,2193,CDMX,2025-03-03,2230
57,67787,7,3,3081,CDMX,2024-03-05,2531
25,33474,2,1,1130,CDMX,2022-02-04,1851
46,51285,9,4,3170,Monterrey,2022-07-22,2402
22,14928,4,2,1265,Guadalajara,2026-01-18,1251
42,68576,4,2,2376,CDMX,2021-10-19,2145
34,35199,6,2,2111,Puebla,2021-06-13,1785
37,75787,8,2,1686,Puebla,2021-08-31,1477
45,19509,9,4,3456,Puebla,2021-09-04,2236
59,69295,3,1,1388,CDMX,2023-10-08,2102
40,43544,9,2,2057,CDMX,2021-01-29,2198
39,73409,8,3,2836,CDMX,2026-03-03,2240
26,30858,11,2,2011,CDMX,2024-01-31,2091
45,35982,7,1,1196,CDMX,2024-09-03,2497
35,150426,9,3,3937,Guadalajara,2023-02-07,2650
48,32371,10,5,2346,CDMX,2023-03-16,1901
37,34440,7,1,1144,CDMX,2021-06-12,1925
59,42690,7,2,1749,Puebla,2022-10-10,1849
18,29399,9,2,1195,Guadalajara,2023-07-26,1481
34,88897,7,3,3226,CDMX,2021-06-11,2573
49,116135,3,1,1569,Monterrey,2025-08-01,1907
34,34474,3,1,1158,CDMX,2023-08-04,1958
28,20681,3,0,207,Guadalajara,2021-06-25,1242
35,88079,7,3,2569,CDMX,2022-08-02,2462
21,85323,6,2,2488,Guadalajara,2024-04-28,1595
39,73927,4,2,2207,Guadalajara,2024-07-30,1610
67,87400,6,3,3183,Guadalajara,2021-11-17,1495
52,31769,5,3,1552,CDMX,2022-11-02,2094
25,45060,7,2,1975,Monterrey,2023-08-29,2326
28,24537,5,3,2278,Puebla,2025-04-09,2025
33,24123,6,1,1027,CDMX,2022-10-14,1916
50,80062,8,3,2766,CDMX,2024-07-03,2706
28,35033,3,1,1200,CDMX,2022-06-09,1960
30,153244,6,2,2938,Puebla,2023-12-05,2145
49,50873,1,1,1284,Puebla,2021-01-24,1153
48,35589,3,2,2153,CDMX,2023-12-01,1895
34,73053,4,1,1417,Puebla,2024-01-04,1490
25,120648,5,1,2038,CDMX,2025-04-01,2775
19,62509,7,2,2015,Guadalajara,2023-04-23,2467
30,26674,3,2,1762,Guadalajara,2021-10-18,1638
18,59012,6,2,1712,Puebla,2024-08-06,1678
47,97519,11,3,3354,CDMX,2024-12-05,2690
30,38307,7,3,3004,CDMX,2021-12-17,2229
44,33296,6,2,1614,Guadalajara,2025-07-10,1086
60,81489,7,2,2408,CDMX,2026-02-12,2028
52,52574,5,3,2720,CDMX,2023-03-05,1852
24,28247,9,4,2117,Guadalajara,2021-02-07,1762
48,40543,12,2,1842,Puebla,2024-10-05,1622
52,33596,3,2,2116,Monterrey,2022-01-08,1974
29,56848,5,2,1707,Monterrey,2021-07-05,1857
27,51784,9,2,1196,Monterrey,2024-05-03,1778
37,87136,6,3,2947,Monterrey,2024-09-02,1926
19,69901,10,3,2323,Monterrey,2021-09-12,2402
56,22432,5,2,2210,Monterrey,2021-07-24,1562
18,60084,1,0,601,Monterrey,2022-05-11,1457
25,76762,4,1,1423,CDMX,2022-06-17,2283
35,61571,6,3,2249,CDMX,2023-08-12,1875
35,82046,5,2,2221,Monterrey,2021-01-28,1666
40,37243,8,1,928,CDMX,2024-12-08,1979
41,30473,6,2,1297,Puebla,2024-09-26,1120
35,78045,3,0,780,Guadalajara,2025-07-01,1645
52,28775,4,2,1313,CDMX,2025-04-25,1961
18,16651,8,3,2836,Puebla,2022-08-25,1938
38,81851,10,3,2167,CDMX,2024-01-30,2139
29,34129,10,5,3557,Guadalajara,2024-06-03,2549
40,42065,8,4,2558,CDMX,2024-06-18,2273
41,24368,2,1,656,Puebla,2021-02-13,928
27,25267,8,2,2153,Guadalajara,2024-11-29,1967
30,27494,5,1,559,Monterrey,2025-08-20,1485
48,40932,9,4,4063,CDMX,2022-09-08,2843
42,58983,5,3,1810,Monterrey,2024-06-30,1809
30,15539,5,1,828,Monterrey,2021-12-26,1533
62,71402,8,2,2827,Guadalajara,2025-09-11,2202
66,27146,7,2,832,Puebla,2021-11-06,933
20,28763,11,3,1529,Guadalajara,2022-02-04,1224
42,68798,5,3,3352,Guadalajara,2022-08-16,2712
68,47225,8,3,2533,Monterrey,2023-08-02,1890
47,22738,5,2,1347,Monterrey,2023-08-07,1703
41,123290,8,3,3185,CDMX,2024-11-14,2031
36,31879,5,1,805,Monterrey,2024-11-07,1548
32,55473,8,1,1233,CDMX,2021-02-17,1855
35,54173,5,1,1462,Guadalajara,2022-10-28,2872
31,99276,8,3,2759,Monterrey,2025-05-18,1829
47,39033,4,2,1752,CDMX,2022-07-05,1719
33,81149,10,5,5155,Monterrey,2024-09-06,3203
33,33828,4,2,2353,CDMX,2022-09-26,2648
24,85911,5,2,1964,Puebla,2025-02-06,989
37,33473,5,2,1754,Guadalajara,2024-02-28,1816
27,40900,4,1,966,Guadalajara,2021-11-05,1903
36,126498,2,1,1808,Monterrey,2023-03-06,1824
51,57439,3,1,1160,Guadalajara,2025-01-16,1854
42,51786,6,3,2152,Monterrey,2021-11-09,1815
44,150396,9,4,2908,CDMX,2023-12-14,2050
42,58728,5,1,893,Guadalajara,2026-02-27,1343
39,32596,4,2,1381,Guadalajara,2021-10-12,1488
36,70779,3,1,1387,Puebla,2023-03-18,1231
34,27151,7,2,2013,CDMX,2021-09-08,2906
47,86177,3,2,1987,Guadalajara,2024-06-04,1705
25,89589,6,2,2150,Guadalajara,2025-06-18,1688
54,36810,1,0,368,Guadalajara,2024-03-19,1394
38,35812,9,0,4293,CDMX,2023-01-28,2745
29,53544,5,1,1172,Guadalajara,2021-04-29,2219
32,49369,6,3,2435,CDMX,2022-06-01,2148
30,30066,7,2,2274,CDMX,2025-06-17,2296
40,65124,4,1,1249,Puebla,2022-12-01,1634
29,17660,5,1,747,CDMX,2021-03-17,1775
52,39481,3,1,764,Guadalajara,2024-07-24,1321
29,40056,1,0,401,Monterrey,2022-02-21,1267
18,42760,9,4,2867,Monterrey,2021-09-17,2748
29,57160,8,4,4544,Guadalajara,2021-01-08,2560
18,26529,5,1,863,Monterrey,2021-11-04,1457
38,65792,6,3,3056,Guadalajara,2025-11-30,2020
51,44798,8,2,2090,Guadalajara,2024-05-19,2110
46,35415,9,2,2248,Monterrey,2026-01-31,2150
22,24750,7,3,1524,Monterrey,2025-08-27,1876
29,27131,4,1,1204,Guadalajara,2026-01-25,1181
59,58698,6,3,2563,Guadalajara,2024-06-30,2061
42,30275,5,1,941,Guadalajara,2021-02-16,1575
38,50620,12,3,2311,CDMX,2025-12-01,2043
51,83366,9,5,3768,Monterrey,2023-04-27,2506
67,82152,15,7,4992,CDMX,2022-06-22,2418
54,106959,0,0,1070,Guadalajara,2024-12-16,1661
40,42271,5,1,1169,Monterrey,2022-11-04,1855
42,28493,5,2,1620,Guadalajara,2022-11-23,1257
45,81655,5,1,1305,CDMX,2022-12-10,2051
31,57228,9,3,2508,Monterrey,2022-06-22,2634
25,85989,4,2,2982,CDMX,2022-11-13,2486
39,49293,1,0,493,Monterrey,2022-12-20,1526
27,89127,5,1,1479,Monterrey,2022-05-26,1982
37,74846,5,1,1706,Guadalajara,2024-12-17,1762
39,70137,5,1,1218,Monterrey,2025-02-15,1491
66,63055,3,1,1260,CDMX,2023-12-04,1857
28,59805,5,1,1157,CDMX,2022-06-23,2403
37,55079,7,4,3009,Puebla,2023-06-03,2193
36,54883,7,1,1334,Guadalajara,2023-03-03,1634
43,80426,5,2,2321,Guadalajara,2023-05-20,2376
51,37949,4,2,1435,Monterrey,2023-06-17,1647
32,116756,6,3,3068,Monterrey,2022-03-21,2150
28,46485,9,4,3149,Guadalajara,2026-03-08,2222
18,80233,7,3,2555,Guadalajara,2024-07-10,1711
27,46858,2,1,1118,CDMX,2022-09-18,1413
44,43333,2,0,433,CDMX,2022-11-18,1880
39,135418,7,2,2408,CDMX,2024-08-05,1765
26,41996,8,3,2411,Guadalajara,2024-06-28,2099
34,25884,3,1,734,Puebla,2022-09-15,751
38,34302,12,6,4719,CDMX,2022-09-17,2900
44,41831,5,2,1662,Guadalajara,2025-03-01,1605
31,144004,4,1,1934,CDMX,2021-07-10,2402
35,54360,3,1,1092,Guadalajara,2023-01-07,970
18,78226,2,1,1354,Puebla,2024-09-28,1557
24,29709,5,1,925,Puebla,2021-02-10,1429
57,58472,2,1,1260,CDMX,2025-11-30,1614
18,68579,10,4,3162,CDMX,2023-09-21,2425
34,120670,5,2,2214,Puebla,2022-08-06,2191
41,34609,4,1,1253,Guadalajara,2022-10-04,1538
34,66287,7,3,3105,Monterrey,2022-10-21,2432
28,57028,4,1,1245,CDMX,2022-05-18,1672
37,29412,5,1,1116,Puebla,2024-11-01,1551
38,48546,7,2,1911,CDMX,2022-07-10,2347
37,42970,3,1,1040,Guadalajara,2023-08-13,2383
18,15326,8,4,2835,CDMX,2021-01-04,2616
36,66127,4,2,2905,Guadalajara,2021-05-27,2511
28,64223,4,1,1471,Monterrey,2024-10-20,2384
31,39361,5,2,2069,Monterrey,2023-01-01,1692
41,25102,7,2,1424,Guadalajara,2023-11-07,1946
46,102738,7,4,4069,Monterrey,2022-10-01,2465
49,55994,2,0,560,Guadalajara,2024-04-24,1076
32,81499,7,3,3005,CDMX,2025-08-14,2729
49,99227,6,2,2678,Guadalajara,2023-12-19,2298
52,37780,4,2,2128,CDMX,2023-08-08,2578
52,73576,3,1,1504,CDMX,2022-12-26,1721
55,43453,3,0,435,Monterrey,2024-09-03,1348
36,47511,10,4,3257,Monterrey,2023-05-22,2152
36,46967,6,2,1954,CDMX,2021-06-29,2103
48,48988,10,2,1581,Monterrey,2023-06-24,1237
22,85561,8,2,3088,Monterrey,2025-12-01,2736
41,52152,13,4,3355,Guadalajara,2025-10-10,2297
32,45394,4,1,1129,CDMX,2023-05-10,1609
34,42690,7,2,2222,Monterrey,2022-10-24,1687
18,58143,9,1,1152,CDMX,2026-02-18,1634
27,31337,1,0,313,Guadalajara,2021-10-17,1609
38,38127,4,2,1419,CDMX,2023-06-03,1813
49,47756,5,2,1796,Guadalajara,2021-06-09,1763
50,36941,5,2,1544,CDMX,2023-09-15,2058
37,46201,6,2,1962,Guadalajara,2022-10-03,1912
36,36120,6,2,1627,Guadalajara,2024-06-11,1758
28,133516,5,2,2437,Guadalajara,2023-12-24,2351
43,95276,5,1,1557,CDMX,2022-07-19,2369
35,61388,8,1,1248,Puebla,2024-01-12,1891
45,47724,7,2,1609,CDMX,2023-10-01,1591
59,146588,2,1,2284,CDMX,2024-10-15,2648
38,57611,6,1,1348,CDMX,2023-09-16,1971
20,46938,8,4,3191,CDMX,2024-06-06,2429
28,57043,5,1,1018,Guadalajara,2023-03-04,1628
21,57124,9,2,2061,Monterrey,2021-06-08,1927
24,99226,7,3,2289,Monterrey,2025-02-07,1859
54,48558,3,1,1173,CDMX,2023-01-11,2251
41,140037,6,2,2727,CDMX,2021-07-08,2418
20,31539,7,2,1420,CDMX,2022-12-05,1501
46,69357,2,1,1204,Monterrey,2025-01-13,1934
53,29705,8,3,1899,Guadalajara,2021-08-03,2122
34,121607,6,1,2228,Puebla,2022-04-07,2218
30,41553,4,2,1633,Monterrey,2024-01-24,1807
34,47615,6,1,1095,Guadalajara,2021-05-15,1495
41,77817,7,3,3243,Monterrey,2025-01-11,2277
46,91828,6,3,3102,Monterrey,2023-09-15,2675
52,28115,9,4,3636,CDMX,2021-03-23,2914
53,41230,4,2,1295,CDMX,2023-01-10,1856
52,24405,4,1,710,Guadalajara,2023-10-04,1293
54,52504,8,2,2993,Guadalajara,2021-07-19,1942
46,46598,6,2,1761,CDMX,2021-08-16,2200
20,41173,7,3,2225,Guadalajara,2022-11-05,2050
36,34814,5,1,1031,Guadalajara,2025-01-15,1895
42,40419,4,2,2058,CDMX,2023-06-10,2775
33,33752,10,3,1682,CDMX,2023-11-28,2039
49,63862,2,1,1343,CDMX,2023-03-01,2359
34,104608,7,2,2346,CDMX,2021-05-06,2076
27,18669,9,3,2502,Puebla,2022-07-05,2215
55,46259,6,2,1832,CDMX,2023-09-08,2334
46,39772,6,2,1523,CDMX,2025-02-08,2292
41,62704,7,4,2644,CDMX,2022-04-03,2487
49,30458,10,4,1232,Guadalajara,2021-02-27,1701
51,45560,5,2,2105,CDMX,2022-01-29,2693
42,29150,9,3,1491,Guadalajara,2025-09-12,1317
18,69449,12,2,1864,CDMX,2024-06-21,2342
30,51515,13,5,5231,CDMX,2023-01-11,3511
33,45219,11,4,2781,Monterrey,2023-02-08,1925
26,58988,3,1,1351,CDMX,2022-11-16,1724
40,43337,6,2,1670,Guadalajara,2025-10-30,1807
52,22541,8,2,1777,Guadalajara,2021-07-01,1906
32,66030,7,2,1980,Guadalajara,2025-10-08,2036
24,56621,4,1,1133,Monterrey,2022-08-17,2008
62,45386,7,2,2232,CDMX,2025-06-10,1956
33,80215,3,1,1411,Puebla,2024-02-04,1780
23,90152,8,3,2170,Puebla,2023-02-19,2097
41,28392,8,4,2675,Monterrey,2025-04-25,1888
43,33172,7,3,2576,CDMX,2025-09-15,2091
30,106260,4,1,1524,Monterrey,2023-09-22,1692
47,99651,4,2,2578,Guadalajara,2021-05-17,2511
32,33888,6,2,1913,Monterrey,2026-01-04,2456
27,27164,5,1,1294,CDMX,2025-01-13,1537
40,35640,4,2,1444,Puebla,2023-03-29,1687
47,38213,11,5,4228,Puebla,2022-11-14,2654
30,22203,6,2,953,CDMX,2021-02-28,1547
42,49791,6,3,2245,CDMX,2025-07-03,1947
37,25846,5,2,1604,CDMX,2023-01-21,1620
72,26764,8,4,3168,Monterrey,2021-02-26,2081
29,77502,7,1,1420,Puebla,2021-05-19,1875
55,34836,9,5,3543,Puebla,2023-12-29,2269
37,47300,8,3,2119,Guadalajara,2025-04-05,1840
36,67141,6,2,1827,Monterrey,2021-05-13,2270
47,73616,7,3,2859,Monterrey,2025-08-06,2237
49,41419,4,1,1165,Guadalajara,2022-07-14,1374
53,50114,6,2,2032,Puebla,2021-06-27,2272
42,32445,4,2,1978,Guadalajara,2023-12-09,2215
31,117441,3,1,2034,CDMX,2021-11-16,2363
32,67845,5,3,1708,Guadalajara,2021-09-22,2298
44,28237,9,2,1411,CDMX,2021-07-02,2113
45,49120,10,4,2998,Monterrey,2024-08-12,2236
55,70037,3,1,1244,Monterrey,2023-07-19,2444
43,62299,5,1,1458,Guadalajara,2023-09-02,1136
51,122343,7,3,3575,Puebla,2022-04-23,1836
56,97359,9,3,2882,Monterrey,2022-03-01,2563
40,37434,7,2,1725,CDMX,2022-09-27,1979
20,46883,8,2,2215,CDMX,2023-10-20,1969
24,25828,7,3,2042,CDMX,2022-09-19,2536
21,55533,6,3,2356,CDMX,2023-04-28,2343
57,52866,9,5,4584,CDMX,2021-09-04,2554
28,189424,5,2,3366,Guadalajara,2021-03-05,2461
53,51472,4,2,2314,Puebla,2025-04-12,2058
45,17212,6,3,2327,CDMX,2024-09-10,2637
59,35030,4,2,1918,Puebla,2025-12-04,949
50,51853,10,3,2200,Monterrey,2024-09-19,2044
37,26160,5,2,1247,Puebla,2025-04-08,1172
36,31774,6,1,971,Guadalajara,2025-09-26,975
39,40830,4,2,802,CDMX,2024-01-31,1507
40,58157,8,2,2032,Monterrey,2025-11-25,1458
32,45131,5,2,2096,CDMX,2025-06-20,1948
38,31426,8,4,2985,CDMX,2022-12-05,2872
57,72681,9,2,1960,Monterrey,2024-05-21,2161
18,37428,5,3,2901,Monterrey,2024-05-06,2428
41,38191,8,1,1029,CDMX,2024-06-24,2061
27,24592,7,2,1893,CDMX,2024-02-29,2177
40,33090,5,1,1364,Puebla,2025-06-21,1891
48,67906,6,1,1459,CDMX,2021-04-10,1895
37,21833,6,2,1851,Monterrey,2021-03-21,1861
47,47307,10,3,2693,CDMX,2024-10-07,2584
19,70183,4,1,1400,Monterrey,2021-12-17,1789
51,40597,7,3,2513,CDMX,2022-06-02,2150
31,55265,10,2,1885,Guadalajara,2023-09-03,2290
45,28046,9,5,4488,CDMX,2023-03-19,3319
40,94385,6,2,1697,Guadalajara,2024-07-23,1584
18,85010,4,1,1459,Monterrey,2024-03-25,1728
29,55147,5,1,1319,CDMX,2025-08-30,2180
41,20383,5,2,1223,CDMX,2023-08-17,1834
57,29057,4,1,927,Monterrey,2022-05-06,1456
41,79886,10,5,3475,Guadalajara,2022-06-16,2518
41,115446,12,4,4077,CDMX,2022-06-15,3068
21,56858,7,2,2176,Guadalajara,2025-07-17,1972
55,91460,8,1,1820,Guadalajara,2022-01-06,3178
60,36175,6,2,1844,Puebla,2021-06-28,2150
38,44592,8,1,977,CDMX,2024-01-24,2120
35,49049,6,3,2585,Monterrey,2024-02-20,2413
19,60570,8,3,2864,Guadalajara,2024-12-22,3053
49,22825,5,1,1126,Monterrey,2021-12-18,2150
70,78459,9,0,1642,CDMX,2026-02-11,1643
47,94966,10,2,2387,Monterrey,2025-10-24,2274
53,27602,6,0,1297,Monterrey,2025-01-01,1550
45,24893,9,2,1805,CDMX,2025-11-15,1817
26,58412,10,2,2047,CDMX,2022-10-08,2345
54,35343,4,1,1094,Puebla,2024-09-17,1517
23,14982,3,2,1764,Monterrey,2022-08-22,1817
35,73445,9,4,3619,CDMX,2025-08-07,2410
41,52987,5,2,1617,Monterrey,2021-10-06,2138
49,38626,4,2,1817,CDMX,2024-12-27,1492
43,141029,10,3,3994,Guadalajara,2023-06-24,2949
43,52546,5,1,1160,Puebla,2024-05-27,1524
29,33634,12,6,4294,Guadalajara,2025-05-03,2541
23,51564,5,1,962,CDMX,2024-11-21,1056
39,29143,9,4,3709,CDMX,2022-10-17,3177
29,33495,5,3,2039,CDMX,2025-09-27,1411
22,59467,10,2,1649,CDMX,2024-06-20,1754
23,37157,14,7,4417,CDMX,2022-02-17,3042
32,39125,6,3,1911,CDMX,2022-10-17,1834
18,112924,7,1,1741,CDMX,2024-10-17,2225
22,75344,8,3,3376,Guadalajara,2024-07-14,1659
18,73234,1,0,732,CDMX,2021-12-07,1589
40,63857,5,2,2438,Monterrey,2023-02-16,2280
43,62449,4,1,1535,Puebla,2023-05-26,2002
62,101549,6,2,2017,CDMX,2022-08-03,2144
20,48544,4,1,1223,Guadalajara,2022-10-08,1852
30,123965,9,2,3065,Guadalajara,2021-02-19,2704
49,30464,5,1,1354,CDMX,2024-04-19,1832
35,43152,4,2,1255,CDMX,2025-04-22,1495
34,24605,2,1,656,Puebla,2024-04-29,1751
59,41279,6,3,2618,Guadalajara,2021-06-02,1849
34,63527,8,3,2426,Monterrey,2025-09-11,2399
24,101278,5,3,2464,CDMX,2024-08-18,2233
22,35184,5,2,1792,Guadalajara,2025-05-15,2196
42,49151,4,1,1011,Puebla,2023-03-22,1255
42,40962,3,0,410,Puebla,2021-05-04,1284
22,33884,5,2,1640,CDMX,2022-01-01,2126
26,27046,7,3,2298,Guadalajara,2021-11-26,1894
44,50530,7,2,2033,CDMX,2021-04-06,2366
45,20619,12,4,3470,Monterrey,2021-03-27,2239
30,51807,9,5,3947,CDMX,2022-07-02,2682
45,49537,5,2,1723,CDMX,2024-09-11,1858
45,35282,5,1,893,Monterrey,2023-06-03,1869
18,29571,6,3,1409,Guadalajara,2022-10-20,1544
34,24535,6,2,1403,Guadalajara,2021-04-09,1261
43,124949,3,0,1249,Puebla,2026-01-27,1419
31,25060,11,2,1783,CDMX,2026-01-22,1973
18,106815,6,3,4088,CDMX,2022-02-12,2674
35,66177,6,1,1290,CDMX,2021-11-25,2552
47,40863,8,4,1799,CDMX,2025-12-23,1969
57,27487,6,1,1071,CDMX,2025-10-30,2084
18,82557,4,1,1658,Guadalajara,2024-12-08,1766
69,116404,5,1,1617,Puebla,2024-11-21,1704
24,30730,7,2,1061,Guadalajara,2024-12-19,1751
49,42219,8,1,1102,Guadalajara,2024-09-27,1231
53,82935,1,0,829,CDMX,2024-02-29,1830
