id_usuario,grupo,edad,region,conversion,gasto,tiempo_sitio
54,A,36.0,Occidente,0,402.66,36.7
698,A,31.0,Sureste,0,114.61,33.0
744,A,39.0,Sureste,0,463.82,159.9
424,A,21.0,Sur,0,679.51,153.0
285,A,34.0,Occidente,0,694.98,61.7
271,A,18.0,Occidente,0,268.41,21.2
386,A,30.0,Norte,0,344.56,70.8
686,A,46.0,Sur,0,347.9,61.3
706,A,45.0,Centro,0,159.99,31.5
359,A,32.0,Sur,0,420.55,153.0
447,A,37.0,Norte,0,914.97,53.9
180,A,48.0,Sur,0,334.35,15.0
1026,B,29.0,Sur,0,175.37,50.8
307,A,42.0,Centro,0,392.9,196.3
964,B,37.0,Centro,0,817.51,50.0
100,A,44.0,Occidente,0,469.72,48.5
225,A,44.0,Sur,0,326.1,
47,A,35.0,Occidente,0,680.28,32.4
509,A,41.0,Occidente,0,211.76,105.2
798,A,23.0,Centro,0,466.81,48.7
326,A,39.0,Centro,0,231.05,92.9
958,B,32.0,Sur,0,386.16,60.4
55,A,47.0,Centro,0,263.57,
171,A,,Centro,1,466.34,66.4
306,A,25.0,Occidente,0,612.1,90.2
126,A,41.0,Centro,1,359.14,19.2
475,A,38.0,Centro,0,587.41,95.4
868,A,40.0,Sureste,0,340.26,75.0
649,A,32.0,Occidente,0,85.33,43.8
524,A,30.0,Sureste,0,78.37,164.0
670,A,26.0,Sureste,0,118.76,72.1
740,A,34.0,Centro,0,517.5,22.8
436,A,43.0,Sureste,0,85.56,55.3
923,A,41.0,Occidente,0,879.6,47.3
564,A,26.0,Centro,1,567.63,18.9
994,B,25.0,Sur,0,161.53,24.3
114,A,29.0,Sur,1,52.92,98.7
558,A,37.0,Norte,0,738.44,177.7
1115,B,25.0,Occidente,0,324.75,140.3
1033,B,36.0,Centro,0,104.72,183.2
552,A,48.0,Sur,0,207.94,136.6
814,A,31.0,Sur,0,416.82,31.1
650,A,38.0,Norte,1,278.19,174.6
10,A,28.0,Centro,0,604.79,144.7
431,A,18.0,Sureste,0,494.72,71.2
98,A,43.0,Centro,0,470.76,181.4
1068,B,35.0,Norte,0,367.18,484.4
450,A,30.0,Centro,0,105.03,173.6
129,A,42.0,Centro,0,132.95,61.2
458,A,41.0,Norte,0,368.09,112.3
206,A,,Occidente,0,233.6,54.3
375,A,31.0,Sur,0,734.98,97.2
901,A,30.0,Norte,0,245.08,224.1
841,A,47.0,Centro,0,312.4,29.9
35,A,24.0,Occidente,0,829.41,
172,A,37.0,Sur,0,280.84,28.5
910,A,25.0,Norte,0,108.82,72.5
124,A,48.0,Sur,0,494.21,64.9
579,A,47.0,Occidente,0,541.75,111.2
147,A,40.0,Norte,0,645.49,112.1
532,A,46.0,Norte,0,476.42,40.0
1054,B,31.0,Sureste,0,170.33,177.5
1130,B,26.0,Centro,0,148.47,118.4
329,A,40.0,Occidente,0,383.2,85.0
569,A,30.0,Centro,0,281.64,113.7
938,A,34.0,Occidente,0,271.01,140.1
1118,B,26.0,Centro,0,519.82,48.0
380,A,46.0,Centro,0,296.52,208.2
298,A,34.0,Norte,0,979.23,107.5
398,A,30.0,Centro,0,248.65,43.3
1041,B,29.0,Norte,0,224.91,200.7
853,A,34.0,Sureste,0,230.11,308.1
427,A,18.0,Centro,0,183.75,68.6
664,A,18.0,Sureste,0,182.39,63.7
978,B,33.0,Centro,1,152.35,30.2
416,A,33.0,Occidente,0,580.31,27.9
263,A,38.0,Occidente,0,421.2,67.7
1070,B,36.0,Occidente,0,910.62,129.8
588,A,44.0,Sureste,0,171.67,45.9
657,A,50.0,Norte,1,526.07,77.8
879,A,50.0,Sureste,0,196.86,78.1
732,A,23.0,Sur,0,40.3,41.7
919,A,41.0,Centro,0,264.77,141.5
904,A,37.0,Sur,0,559.58,73.7
510,A,19.0,Sur,0,144.43,58.7
892,A,35.0,Centro,0,441.93,85.4
24,A,24.0,Norte,0,217.12,69.6
761,A,29.0,Centro,0,214.67,91.2
378,A,45.0,Sur,0,297.11,80.3
479,A,45.0,Norte,0,209.16,78.6
165,A,45.0,Centro,0,237.74,32.7
984,B,36.0,Centro,0,568.23,91.1
678,A,20.0,Occidente,0,57.72,28.2
674,A,31.0,Occidente,0,202.37,132.9
884,A,32.0,Sureste,0,265.62,
484,A,33.0,Norte,0,441.86,17.0
1074,B,21.0,Sur,0,238.25,63.9
771,A,21.0,Sureste,0,370.74,17.5
464,A,36.0,Centro,0,698.47,200.7
109,A,36.0,Centro,0,591.01,231.5
743,A,46.0,Centro,0,143.9,135.7
1013,B,26.0,Sur,0,131.45,173.0
976,B,24.0,Occidente,0,797.94,21.7
1102,B,26.0,Sur,0,112.97,157.7
794,A,39.0,Occidente,0,223.24,55.5
71,A,47.0,Sur,0,158.62,82.3
483,A,42.0,Norte,0,83.7,44.5
903,A,35.0,Occidente,0,218.59,53.3
409,A,29.0,Norte,0,139.46,141.2
779,A,45.0,Norte,0,126.9,148.8
41,A,36.0,Occidente,0,401.0,170.2
110,A,51.0,Norte,0,201.18,150.0
448,A,39.0,Centro,0,211.95,48.7
1028,B,27.0,Occidente,0,932.4,144.9
142,A,30.0,Centro,0,97.98,261.1
368,A,23.0,Norte,0,446.58,68.3
645,A,21.0,Norte,0,289.05,177.6
612,A,43.0,Sureste,0,168.34,66.7
685,A,25.0,Norte,1,495.75,36.9
473,A,49.0,Norte,0,448.02,22.9
190,A,35.0,Norte,0,109.03,186.2
1113,B,25.0,Sureste,1,117.76,162.5
223,A,27.0,Sur,0,123.87,94.8
665,A,37.0,Sur,0,247.47,63.1
857,A,37.0,Centro,0,288.38,201.1
957,B,42.0,Occidente,0,678.46,64.9
141,A,38.0,Sur,0,567.1,139.1
490,A,38.0,Sur,0,412.02,60.1
254,A,18.0,Sureste,0,854.94,51.3
948,A,18.0,Occidente,0,323.78,281.7
39,A,51.0,Occidente,0,377.29,70.2
1025,B,28.0,Norte,0,28.23,113.8
264,A,,Centro,0,572.47,127.9
1071,B,32.0,Centro,0,199.57,147.0
397,A,46.0,Centro,0,405.4,27.6
527,A,45.0,Sur,0,207.79,286.0
14,A,55.0,Centro,0,237.66,155.7
410,A,38.0,Centro,0,205.17,73.6
542,A,49.0,Sur,0,29.81,242.5
279,A,40.0,Centro,0,35.11,57.8
610,A,32.0,Occidente,0,389.87,41.7
505,A,34.0,Centro,0,200.63,197.2
858,A,34.0,Norte,1,162.57,42.1
1087,B,19.0,Sureste,0,236.74,229.7
705,A,39.0,Sur,0,158.66,259.5
1106,B,24.0,Norte,0,1033.25,96.2
721,A,30.0,Sur,0,201.12,198.3
61,A,,Sureste,0,173.71,76.0
111,A,46.0,Sur,0,465.86,
5,A,41.0,Sur,0,692.92,46.6
627,A,51.0,Sur,0,845.96,35.2
508,A,37.0,Sur,0,126.3,43.5
739,A,28.0,Norte,0,144.18,170.9
596,A,45.0,Centro,0,312.64,105.8
485,A,32.0,Norte,1,140.45,89.7
780,A,31.0,Sureste,0,512.59,223.3
95,A,27.0,Centro,0,226.83,156.7
1024,B,31.0,Centro,0,65.88,29.5
756,A,30.0,Occidente,1,923.93,
187,A,35.0,Norte,0,54.23,139.3
806,A,26.0,Norte,0,793.81,102.9
772,A,24.0,Sur,1,148.11,125.6
791,A,34.0,Centro,1,167.66,221.3
474,A,44.0,Sureste,0,182.03,143.3
59,A,31.0,Centro,0,193.23,53.4
1052,B,39.0,Centro,1,601.75,153.9
217,A,30.0,Centro,0,89.74,88.5
25,A,30.0,Norte,0,988.85,228.2
1128,B,26.0,Occidente,0,222.87,156.0
173,A,53.0,Centro,0,513.17,95.7
318,A,37.0,Norte,0,878.89,83.2
26,A,19.0,Norte,0,257.52,133.7
489,A,33.0,Centro,0,186.71,293.2
755,A,45.0,Centro,0,193.95,89.3
514,A,25.0,Centro,0,215.94,197.5
891,A,31.0,Occidente,0,621.68,213.6
361,A,37.0,Occidente,0,180.08,70.6
131,A,53.0,Sur,0,982.96,
154,A,38.0,Centro,1,516.8,130.6
738,A,53.0,Centro,0,614.77,134.5
616,A,50.0,Sureste,0,846.12,204.7
831,A,37.0,Centro,0,506.97,94.8
245,A,37.0,Sur,1,31.9,7.5
99,A,33.0,Norte,0,324.73,39.9
64,A,48.0,Sur,0,459.36,98.7
76,A,39.0,Sureste,0,453.55,20.8
229,A,55.0,Centro,0,510.47,44.9
784,A,28.0,Occidente,1,671.23,192.4
834,A,25.0,Occidente,0,803.38,98.3
221,A,38.0,Centro,1,170.75,44.7
790,A,37.0,Sur,0,67.76,103.4
309,A,24.0,Centro,0,377.89,97.7
455,A,22.0,Centro,0,156.75,67.1
968,B,33.0,Norte,0,392.79,68.4
735,A,39.0,Occidente,0,177.33,93.3
135,A,40.0,Sur,0,359.59,60.6
253,A,39.0,Centro,0,739.13,55.7
880,A,54.0,Centro,0,384.88,34.4
844,A,46.0,Centro,0,100.77,109.8
1104,B,31.0,Norte,0,138.08,65.9
4,A,18.0,Centro,0,501.77,26.4
197,A,18.0,Centro,0,643.22,90.8
611,A,29.0,Norte,0,544.77,229.6
169,A,32.0,Sur,0,219.86,76.3
709,A,28.0,Sur,0,181.58,52.7
18,A,45.0,Centro,0,352.53,102.9
1116,B,39.0,Centro,0,422.98,204.1
27,A,44.0,Centro,0,42.61,19.5
836,A,39.0,Centro,0,83.91,132.5
778,A,33.0,Centro,0,262.32,134.7
358,A,18.0,Sur,0,245.75,50.9
1046,B,18.0,Occidente,0,365.79,196.4
929,A,34.0,Occidente,0,198.57,148.2
1124,B,24.0,Sur,0,203.29,133.0
859,A,46.0,Sur,0,659.38,153.5
260,A,50.0,Sur,0,1105.95,29.2
62,A,18.0,Centro,0,452.69,189.3
565,A,49.0,Occidente,0,377.72,211.1
1015,B,29.0,Occidente,0,1121.8,20.0
719,A,47.0,Sur,0,237.08,120.7
84,A,31.0,Norte,0,248.76,196.6
205,A,31.0,Occidente,0,912.88,173.8
973,B,35.0,Sur,0,7619.09,168.8
583,A,21.0,Sur,0,408.32,144.8
796,A,43.0,Centro,0,391.61,76.1
668,A,29.0,Sur,0,347.58,128.3
704,A,54.0,Occidente,0,88.08,44.0
356,A,34.0,Centro,0,1084.03,138.6
799,A,18.0,Centro,0,47.07,107.7
501,A,22.0,Sureste,1,183.58,37.0
493,A,52.0,Centro,0,239.87,33.7
413,A,35.0,Sur,0,382.41,33.5
456,A,20.0,Sureste,0,355.64,88.7
840,A,29.0,Occidente,0,1292.89,241.3
519,A,31.0,Sureste,0,251.16,85.5
908,A,24.0,Centro,0,625.1,65.0
319,A,41.0,Centro,1,477.5,16.5
559,A,23.0,Norte,0,405.09,56.6
337,A,36.0,Centro,0,447.98,104.3
700,A,29.0,Centro,0,522.83,98.6
1073,B,54.0,Occidente,0,631.84,79.9
75,A,25.0,Sur,0,440.48,84.6
954,B,26.0,Sur,0,617.49,102.5
446,A,48.0,Sur,0,100.58,32.1
460,A,38.0,Centro,0,349.21,111.8
787,A,39.0,Norte,0,283.87,97.3
58,A,19.0,Sureste,0,516.65,167.0
1059,B,32.0,Sur,1,117.98,110.1
345,A,40.0,Sur,0,581.56,116.5
1107,B,49.0,Occidente,0,451.25,211.7
1094,B,28.0,Centro,0,247.79,36.2
390,A,31.0,Norte,0,219.34,48.8
218,A,38.0,Sureste,0,519.53,58.4
1056,B,40.0,Sur,0,462.96,57.0
415,A,34.0,Sur,1,82.75,71.0
966,B,44.0,Sureste,0,69.3,49.7
570,A,51.0,Centro,0,1066.38,60.4
566,A,39.0,Centro,0,376.83,94.2
286,A,45.0,Centro,0,255.35,45.7
977,B,36.0,Centro,0,495.22,37.2
320,A,37.0,Norte,0,720.76,153.0
1023,B,34.0,Occidente,0,504.92,181.8
895,A,46.0,Centro,0,226.54,299.8
7,A,40.0,Norte,0,651.93,60.8
1065,B,34.0,Norte,0,179.68,132.1
504,A,33.0,Sur,0,70.33,219.2
545,A,25.0,Sur,0,410.0,65.2
139,A,30.0,Centro,0,196.54,58.6
164,A,37.0,Centro,0,88.29,104.2
624,A,45.0,Sur,0,19.97,222.7
421,A,40.0,Centro,0,132.7,63.9
961,B,32.0,Sureste,0,575.96,37.0
44,A,43.0,Norte,1,247.93,107.4
893,A,29.0,Sur,0,490.03,97.3
642,A,33.0,Sureste,0,288.88,87.6
681,A,36.0,Sur,0,226.28,43.0
688,A,39.0,Sur,0,323.3,130.9
328,A,34.0,Norte,0,1192.51,49.2
982,B,32.0,Centro,0,535.6,160.6
433,A,35.0,Sur,0,205.98,19.1
614,A,26.0,Centro,0,417.42,115.8
20,A,21.0,Centro,0,303.98,130.2
295,A,32.0,Norte,0,239.89,156.9
822,A,40.0,Norte,0,601.38,149.1
404,A,38.0,Occidente,0,328.18,380.7
598,A,40.0,Centro,1,109.79,91.8
1089,B,20.0,Centro,0,827.62,235.3
327,A,32.0,Norte,0,301.84,109.5
340,A,41.0,Norte,0,539.74,73.2
138,A,42.0,Occidente,1,499.54,36.8
702,A,39.0,Centro,0,39.94,41.1
186,A,25.0,Sur,1,1183.21,55.6
821,A,18.0,Sureste,0,826.49,51.7
317,A,37.0,Norte,0,159.4,142.6
986,B,28.0,Occidente,0,325.71,93.3
906,A,33.0,Norte,0,1193.45,70.0
770,A,20.0,Norte,1,111.46,48.2
557,A,26.0,Centro,0,357.84,102.3
400,A,48.0,Sureste,0,922.28,37.1
622,A,18.0,Norte,0,628.46,65.9
680,A,48.0,Norte,0,320.71,89.2
348,A,33.0,Occidente,0,72.15,104.3
669,A,18.0,Occidente,0,888.88,51.8
149,A,24.0,Occidente,0,1513.18,94.4
423,A,35.0,Occidente,0,740.94,87.6
816,A,26.0,Centro,0,132.79,89.4
652,A,38.0,Sur,0,1060.01,49.3
837,A,37.0,Centro,1,834.68,65.0
962,B,,Sur,0,796.48,15.1
572,A,33.0,Norte,1,390.44,211.6
819,A,34.0,Centro,0,243.01,63.5
807,A,39.0,Centro,0,74.17,101.8
723,A,46.0,Sur,1,382.11,53.6
233,A,37.0,Sur,0,334.03,120.9
515,A,48.0,Sur,0,332.01,112.3
351,A,35.0,Centro,0,437.72,64.6
159,A,53.0,Occidente,0,488.23,75.4
992,B,34.0,Occidente,0,95.85,70.5
257,A,39.0,Occidente,1,318.61,17.6
651,A,25.0,Centro,0,392.85,75.3
97,A,32.0,Sur,0,214.41,101.8
1095,B,21.0,Centro,0,87.28,119.2
991,B,23.0,Sureste,0,326.83,81.4
408,A,47.0,Sur,0,521.84,182.9
985,B,32.0,Sur,0,237.62,51.8
315,A,44.0,Occidente,0,331.31,6.5
936,A,27.0,Sureste,0,334.14,78.8
529,A,18.0,Sur,0,320.06,28.2
601,A,25.0,Sur,0,558.39,50.4
695,A,41.0,Occidente,0,260.66,213.3
250,A,26.0,Norte,0,336.36,46.6
494,A,39.0,Sureste,0,101.2,71.3
16,A,46.0,Occidente,0,1228.52,87.9
160,A,23.0,Centro,0,479.07,15.1
620,A,47.0,Occidente,0,69.12,112.1
1098,B,31.0,Occidente,1,609.57,139.1
49,A,30.0,Occidente,0,350.47,39.8
758,A,25.0,Sur,0,1035.4,162.7
492,A,30.0,Norte,0,447.75,61.0
885,A,51.0,Norte,0,197.99,60.4
113,A,37.0,Norte,1,265.77,176.6
952,B,32.0,Sur,0,518.65,84.5
586,A,50.0,Norte,0,522.88,231.3
749,A,49.0,Centro,0,445.81,46.4
463,A,39.0,Sur,0,416.51,176.2
692,A,49.0,Sur,0,428.96,250.1
729,A,66.0,Sureste,0,550.52,202.5
1080,B,27.0,Centro,0,156.93,56.9
832,A,36.0,Sur,0,266.66,26.8
128,A,48.0,Norte,0,510.23,99.9
786,A,28.0,Centro,0,326.49,27.4
801,A,28.0,Occidente,0,152.13,192.4
512,A,20.0,Centro,0,309.82,164.1
238,A,32.0,Occidente,0,786.8,56.6
168,A,34.0,Sureste,0,429.07,60.6
604,A,43.0,Centro,0,183.18,274.7
599,A,40.0,Sur,0,161.14,111.3
81,A,42.0,Norte,0,144.83,217.3
725,A,,Centro,0,814.47,71.2
301,A,35.0,Sureste,0,580.1,63.2
548,A,48.0,Sur,1,332.49,53.1
325,A,18.0,Centro,0,460.49,95.9
373,A,32.0,Norte,0,389.65,127.2
216,A,36.0,Occidente,0,219.57,18.9
432,A,19.0,Occidente,0,334.27,73.3
31,A,22.0,Sureste,0,89.11,
243,A,45.0,Norte,0,569.75,141.1
621,A,24.0,Occidente,0,595.86,72.9
769,A,30.0,Centro,0,140.26,83.5
849,A,32.0,Sureste,0,116.31,31.4
419,A,48.0,Sur,0,499.31,101.0
453,A,44.0,Centro,0,878.94,148.3
661,A,30.0,Sur,0,373.66,96.9
852,A,25.0,Norte,0,354.65,95.9
28,A,21.0,Centro,0,823.14,49.5
643,A,38.0,Sur,0,222.74,78.8
123,A,47.0,Centro,0,135.95,78.2
922,A,28.0,Norte,0,204.69,75.8
1057,B,36.0,Occidente,0,355.76,11.6
541,A,24.0,Centro,0,744.14,270.0
907,A,28.0,Centro,0,518.85,189.0
653,A,,Centro,0,121.34,104.2
644,A,34.0,Occidente,0,67.16,49.6
203,A,27.0,Centro,0,208.28,31.3
1114,B,30.0,Occidente,0,252.67,74.0
363,A,41.0,Sureste,0,284.28,55.5
272,A,28.0,Sur,0,757.9,86.7
768,A,30.0,Norte,0,470.31,27.6
273,A,28.0,Centro,1,212.62,14.9
278,A,35.0,Sur,0,1020.23,91.5
975,B,20.0,Norte,0,138.9,85.6
13,A,55.0,Centro,0,87.23,93.4
535,A,,Norte,0,680.68,240.5
930,A,47.0,Occidente,0,412.77,74.3
850,A,45.0,Occidente,0,1148.51,23.0
148,A,28.0,Sureste,0,880.13,123.8
300,A,36.0,Centro,0,198.07,107.3
116,A,38.0,Norte,0,1194.36,64.2
376,A,42.0,Norte,0,496.46,73.3
1027,B,32.0,Occidente,0,28.75,122.9
898,A,22.0,Sureste,0,523.32,54.7
672,A,,Sureste,0,557.5,150.3
178,A,44.0,Centro,0,271.26,108.3
472,A,21.0,Centro,0,85.0,422.5
52,A,39.0,Norte,0,197.17,171.1
934,A,41.0,Centro,1,434.92,121.4
1014,B,34.0,Sur,0,291.42,88.6
946,A,56.0,Sur,0,225.33,58.6
389,A,40.0,Sureste,0,268.89,251.6
23,A,35.0,Sur,0,273.37,83.8
591,A,18.0,Centro,0,14.38,53.7
656,A,25.0,Centro,0,295.84,112.2
931,A,64.0,Occidente,1,154.84,82.5
774,A,45.0,Centro,0,603.17,62.5
467,A,39.0,Norte,0,358.32,147.4
753,A,18.0,Sur,0,140.86,47.7
701,A,30.0,Centro,0,1170.48,71.2
838,A,36.0,Occidente,1,846.22,88.6
210,A,33.0,Centro,0,271.71,96.1
782,A,48.0,Centro,0,573.77,78.1
143,A,36.0,Sureste,1,302.38,87.9
51,A,26.0,Norte,0,325.97,29.8
352,A,42.0,Sureste,0,539.57,99.4
167,A,46.0,Occidente,0,818.22,142.5
763,A,33.0,Centro,0,899.19,44.4
987,B,33.0,Norte,0,818.12,65.4
82,A,,Centro,0,678.69,113.1
636,A,40.0,Centro,0,45.52,180.5
322,A,43.0,Centro,0,307.89,303.7
896,A,22.0,Occidente,0,66.04,176.9
1077,B,34.0,Norte,0,881.6,35.9
531,A,48.0,Norte,0,607.07,67.9
67,A,38.0,Sur,0,377.18,41.2
335,A,24.0,Norte,0,599.59,267.1
511,A,41.0,Centro,0,222.06,72.4
811,A,44.0,Occidente,0,429.07,55.8
290,A,32.0,Norte,0,716.15,93.3
1064,B,35.0,Norte,0,289.72,20.6
396,A,28.0,Sureste,0,640.24,94.1
659,A,37.0,Norte,0,221.28,108.8
284,A,30.0,Norte,1,67.27,10.5
418,A,42.0,Norte,0,224.82,49.1
870,A,33.0,Norte,0,141.62,86.3
1010,B,18.0,Occidente,0,555.71,19.7
362,A,36.0,Centro,1,318.78,50.1
956,B,30.0,Centro,0,107.0,15.1
65,A,28.0,Centro,0,227.64,105.8
800,A,34.0,Sur,0,450.25,139.0
792,A,40.0,Sur,0,204.14,64.4
265,A,24.0,Centro,1,362.7,35.5
619,A,47.0,Centro,0,567.64,54.5
663,A,37.0,Centro,0,591.66,
1112,B,26.0,Centro,0,520.48,117.8
21,A,49.0,Occidente,0,507.63,257.7
66,A,33.0,Centro,0,353.47,209.8
943,A,35.0,Sur,0,354.94,102.9
722,A,40.0,Sur,0,382.23,58.8
856,A,56.0,Sur,0,549.43,140.8
297,A,32.0,Centro,0,535.34,40.9
573,A,41.0,Centro,0,420.09,49.0
420,A,30.0,Centro,0,226.51,94.3
654,A,34.0,Centro,0,816.22,98.3
1060,B,49.0,Centro,1,194.63,76.0
439,A,46.0,Norte,0,595.38,106.1
262,A,19.0,Centro,0,385.61,22.0
308,A,30.0,Centro,0,256.21,189.1
443,A,35.0,Centro,0,224.0,82.0
805,A,39.0,Norte,0,156.0,24.1
717,A,51.0,Centro,0,161.93,44.0
499,A,24.0,Norte,0,1089.94,124.9
697,A,33.0,Norte,0,764.38,17.6
563,A,34.0,Occidente,0,563.3,347.9
603,A,41.0,Centro,0,962.25,9.3
1018,B,34.0,Sureste,0,356.67,112.7
189,A,22.0,Centro,0,352.78,224.5
1083,B,40.0,Sur,0,11571.12,42.4
252,A,25.0,Centro,0,65.75,92.5
72,A,32.0,Sur,0,781.76,113.7
102,A,38.0,Sur,0,297.72,91.7
618,A,20.0,Centro,1,142.66,52.3
200,A,36.0,Occidente,0,193.5,88.0
972,B,28.0,Sureste,0,1833.34,86.5
281,A,32.0,Occidente,0,148.19,34.2
913,A,36.0,Norte,0,808.3,39.9
1038,B,30.0,Sur,0,669.9,57.2
632,A,47.0,Sur,0,370.31,49.7
468,A,50.0,Centro,0,219.3,33.3
877,A,32.0,Sur,0,29.93,80.8
488,A,28.0,Occidente,0,153.53,259.1
152,A,39.0,Norte,0,168.56,192.5
526,A,47.0,Sur,0,752.09,42.7
331,A,33.0,Centro,0,1004.27,181.3
274,A,36.0,Centro,0,157.65,190.7
683,A,25.0,Norte,0,27.47,77.4
385,A,46.0,Centro,1,521.28,106.1
843,A,45.0,Sureste,0,495.06,57.4
452,A,31.0,Centro,0,118.51,49.6
366,A,56.0,Sur,1,150.93,47.7
282,A,39.0,Norte,0,1498.16,168.2
998,B,29.0,Centro,0,312.39,82.8
927,A,31.0,Centro,0,176.43,28.2
412,A,41.0,Sureste,0,107.52,56.5
757,A,31.0,Norte,0,104.24,77.8
894,A,43.0,Norte,0,155.39,100.7
1007,B,46.0,Centro,0,261.97,62.6
592,A,42.0,Centro,0,449.05,30.5
835,A,39.0,Sur,0,193.47,77.0
150,A,35.0,Sureste,1,829.33,411.5
133,A,30.0,Centro,0,291.8,74.2
208,A,35.0,Norte,1,950.92,9.0
667,A,47.0,Centro,0,496.69,93.2
219,A,53.0,Sur,0,128.55,201.8
240,A,34.0,Sur,0,753.25,125.3
921,A,37.0,Sur,0,166.29,97.2
193,A,32.0,Centro,0,849.05,108.6
192,A,24.0,Sureste,0,997.46,124.3
523,A,26.0,Centro,0,177.87,13.2
803,A,18.0,Norte,0,57.25,54.7
1129,B,28.0,Centro,0,547.66,46.4
628,A,18.0,Sureste,1,864.65,134.7
707,A,25.0,Norte,0,505.06,58.2
899,A,47.0,Sur,0,284.87,89.7
983,B,25.0,Norte,0,325.03,19.6
900,A,36.0,Norte,0,645.69,210.8
324,A,30.0,Norte,0,431.36,237.1
818,A,32.0,Sur,0,306.4,9.9
762,A,28.0,Norte,0,95.52,66.3
587,A,37.0,Norte,0,598.33,13.5
438,A,35.0,Norte,0,333.12,167.3
734,A,27.0,Centro,0,88.72,143.5
747,A,43.0,Centro,0,933.63,51.7
963,B,22.0,Sur,1,119.53,58.8
3,A,34.0,Norte,0,312.36,79.6
230,A,36.0,Centro,0,133.3,64.5
951,B,33.0,Sureste,0,384.95,119.0
1090,B,45.0,Sur,0,19.19,11.8
1085,B,38.0,Occidente,1,614.47,273.1
1042,B,30.0,Centro,0,760.85,44.1
372,A,26.0,Sur,1,63.65,132.9
181,A,42.0,Norte,0,104.97,32.2
633,A,44.0,Occidente,0,548.78,35.9
675,A,48.0,Sur,0,268.27,135.9
959,B,25.0,Centro,0,334.18,59.8
578,A,43.0,Sureste,0,657.3,53.6
897,A,54.0,Norte,0,283.22,21.9
1039,B,23.0,Occidente,1,374.18,105.5
854,A,37.0,Norte,0,99.93,94.3
789,A,23.0,Sureste,0,782.91,122.5
38,A,18.0,Sur,0,430.2,215.6
354,A,49.0,Centro,0,897.65,123.7
955,B,36.0,Centro,1,1359.02,104.3
237,A,26.0,Centro,0,333.81,60.0
829,A,27.0,Norte,0,117.6,30.5
500,A,33.0,Centro,1,172.12,70.6
554,A,18.0,Occidente,0,1829.74,64.2
56,A,33.0,Centro,0,137.12,129.2
303,A,47.0,Sur,0,524.1,74.2
287,A,25.0,Norte,0,243.23,161.0
220,A,46.0,Norte,1,1291.48,89.6
388,A,33.0,Sureste,0,409.7,28.9
658,A,36.0,Sureste,0,904.09,81.8
391,A,30.0,Occidente,0,635.57,53.9
353,A,36.0,Centro,0,621.98,130.3
194,A,32.0,Norte,0,1701.61,80.5
236,A,47.0,Occidente,0,572.76,90.5
883,A,26.0,Occidente,0,349.62,186.0
481,A,32.0,Centro,0,1597.41,48.1
568,A,34.0,Norte,0,764.88,116.4
117,A,43.0,Centro,0,321.66,172.1
855,A,30.0,Sureste,0,325.63,35.2
1045,B,28.0,Sur,0,228.76,216.4
682,A,36.0,Occidente,0,148.57,45.2
751,A,27.0,Norte,0,511.22,171.5
121,A,34.0,Centro,0,264.31,170.4
730,A,39.0,Centro,0,223.13,122.9
886,A,31.0,Centro,0,358.67,239.1
1075,B,41.0,Norte,0,3498.16,135.3
63,A,34.0,Centro,0,191.61,18.0
595,A,40.0,Norte,0,480.09,94.3
454,A,33.0,Centro,0,253.45,88.2
516,A,25.0,Norte,0,165.95,191.6
571,A,30.0,Centro,0,96.23,20.3
224,A,33.0,Occidente,0,432.91,123.0
222,A,43.0,Sureste,0,49.93,81.7
1051,B,43.0,Centro,0,533.21,75.9
466,A,32.0,Sur,0,301.49,196.3
53,A,31.0,Sur,1,600.31,43.9
1032,B,46.0,Sur,0,49.74,277.7
486,A,45.0,Occidente,1,668.35,195.7
1079,B,25.0,Norte,0,741.62,212.3
1084,B,29.0,Norte,0,453.83,48.7
156,A,37.0,Norte,0,203.12,99.1
813,A,28.0,Centro,0,96.65,54.8
783,A,39.0,Norte,0,695.61,138.7
249,A,35.0,Centro,0,177.76,189.0
442,A,48.0,Occidente,0,678.98,95.6
872,A,30.0,Occidente,0,228.18,11.5
1035,B,34.0,Sureste,0,220.64,97.7
543,A,39.0,Sur,0,374.04,19.8
118,A,42.0,Sureste,0,355.81,41.9
1004,B,22.0,Sur,0,16.69,216.8
817,A,33.0,Sureste,0,125.64,108.8
292,A,55.0,Sureste,0,309.07,198.9
1101,B,37.0,Norte,0,22.64,96.8
382,A,23.0,Norte,0,175.55,113.9
726,A,36.0,Norte,0,870.64,122.4
201,A,39.0,Sur,1,577.15,73.3
597,A,34.0,Occidente,0,557.1,67.2
873,A,18.0,Centro,0,462.93,15.4
1076,B,26.0,Occidente,0,38.15,187.3
1122,B,32.0,Sureste,0,316.67,90.2
506,A,42.0,Occidente,0,498.91,56.3
935,A,41.0,Norte,0,138.54,105.9
1125,B,23.0,Centro,0,394.63,96.1
341,A,41.0,Centro,0,85.38,191.5
155,A,49.0,Sureste,1,268.17,85.2
1043,B,28.0,Sur,0,378.71,91.3
1053,B,31.0,Sureste,0,229.34,128.9
890,A,18.0,Norte,0,363.83,108.4
960,B,19.0,Centro,0,622.45,139.0
323,A,51.0,Norte,1,261.09,226.4
733,A,32.0,Centro,0,139.02,120.5
713,A,57.0,Occidente,0,314.89,107.2
83,A,45.0,Sur,1,275.14,72.9
741,A,41.0,Centro,0,132.49,92.0
465,A,18.0,Occidente,0,364.36,294.0
714,A,48.0,Centro,0,178.75,100.8
808,A,30.0,Sureste,0,342.83,95.8
1105,B,39.0,Sureste,0,667.46,53.1
334,A,35.0,Centro,1,706.6,42.8
11,A,43.0,Sureste,0,124.75,
471,A,32.0,Norte,1,45.63,43.2
33,A,32.0,Centro,0,137.36,265.0
997,B,34.0,Centro,0,133.93,41.6
414,A,38.0,Occidente,0,436.33,104.7
581,A,27.0,Sureste,0,663.01,54.5
383,A,24.0,Occidente,0,366.14,49.4
737,A,31.0,Sur,0,216.28,87.2
1081,B,33.0,Sur,0,1011.84,7.5
1072,B,31.0,Occidente,0,241.56,53.8
748,A,43.0,Occidente,0,452.37,73.2
1078,B,54.0,Centro,0,595.09,121.7
379,A,32.0,Centro,0,890.64,16.4
90,A,44.0,Centro,0,81.79,77.5
602,A,40.0,Norte,0,741.73,45.4
214,A,38.0,Occidente,0,700.51,70.5
333,A,48.0,Centro,0,347.43,130.5
134,A,26.0,Occidente,0,812.95,75.6
347,A,18.0,Centro,0,1305.23,68.4
795,A,32.0,Norte,0,703.26,98.7
8,A,33.0,Norte,1,909.31,66.7
752,A,42.0,Centro,0,639.22,89.3
321,A,28.0,Norte,0,445.06,108.7
953,B,31.0,Norte,0,115.21,113.8
188,A,32.0,Norte,1,651.36,132.7
869,A,29.0,Sureste,0,114.01,63.5
553,A,48.0,Occidente,0,116.86,100.0
305,A,42.0,Sur,0,496.74,39.7
32,A,37.0,Centro,0,108.25,55.0
745,A,44.0,Norte,0,181.88,38.6
241,A,31.0,Sureste,0,215.68,11.1
888,A,27.0,Occidente,0,196.98,111.7
175,A,41.0,Occidente,0,175.71,50.8
246,A,24.0,Norte,0,184.8,61.4
57,A,43.0,Sur,0,57.27,78.6
631,A,45.0,Sur,0,415.46,73.9
584,A,22.0,Centro,0,330.91,101.9
917,A,35.0,Centro,0,65.55,64.9
146,A,41.0,Centro,0,317.63,43.1
91,A,34.0,Occidente,0,466.89,96.4
393,A,30.0,Sur,0,354.33,117.5
311,A,48.0,Sureste,0,217.63,257.6
360,A,23.0,Occidente,0,172.16,136.7
94,A,28.0,Norte,1,469.43,43.0
846,A,50.0,Sur,0,418.8,181.4
916,A,39.0,Sureste,0,310.26,122.2
377,A,41.0,Sureste,1,446.57,47.7
244,A,,Centro,0,338.53,166.1
1009,B,36.0,Norte,1,560.34,196.2
88,A,36.0,Centro,0,59.51,8.4
215,A,37.0,Occidente,0,188.11,62.3
445,A,29.0,Sureste,0,218.17,67.0
174,A,39.0,Sur,0,431.11,22.6
426,A,28.0,Sureste,0,154.06,57.5
944,A,48.0,Norte,1,353.22,108.2
119,A,25.0,Centro,0,666.12,56.8
120,A,44.0,Centro,0,434.23,171.8
996,B,39.0,Centro,0,1630.42,61.8
793,A,42.0,Centro,0,352.75,46.6
1,A,40.0,Sureste,0,333.94,101.2
395,A,36.0,Norte,0,524.15,27.3
402,A,22.0,Occidente,0,1016.45,40.1
405,A,32.0,Sur,0,30.32,78.4
1000,B,38.0,Occidente,0,1159.32,276.4
942,A,40.0,Centro,0,350.4,18.2
163,A,36.0,Occidente,0,125.37,61.8
115,A,33.0,Centro,0,146.56,88.5
1011,B,34.0,Occidente,1,342.45,81.1
151,A,40.0,Norte,0,244.5,52.4
715,A,46.0,Sur,1,198.36,21.1
703,A,37.0,Occidente,1,1602.75,71.9
887,A,,Occidente,0,783.82,53.1
369,A,30.0,Centro,0,394.15,40.0
544,A,32.0,Sur,0,506.05,203.0
478,A,46.0,Sur,0,50.97,47.5
1067,B,39.0,Occidente,0,867.57,175.0
533,A,39.0,Sur,0,112.89,161.4
626,A,,Norte,0,886.39,
864,A,44.0,Norte,0,545.01,109.7
513,A,34.0,Centro,0,121.32,31.5
833,A,33.0,Occidente,0,218.44,66.2
73,A,28.0,Occidente,1,259.18,33.5
259,A,35.0,Centro,0,197.25,101.1
625,A,49.0,Occidente,0,675.17,127.4
235,A,43.0,Sur,0,310.85,93.0
136,A,32.0,Centro,0,623.88,133.6
617,A,44.0,Norte,0,229.93,91.3
517,A,20.0,Centro,0,101.17,137.9
1016,B,40.0,Occidente,0,132.84,275.1
593,A,21.0,Centro,0,585.08,95.2
971,B,33.0,Occidente,0,2228.03,133.6
502,A,42.0,Centro,0,292.37,69.5
539,A,43.0,Centro,0,495.34,67.7
802,A,39.0,Occidente,1,617.27,31.9
582,A,54.0,Centro,0,192.11,19.9
344,A,37.0,Centro,0,275.34,153.1
826,A,45.0,Sur,1,745.42,140.9
759,A,30.0,Centro,0,339.61,45.3
294,A,30.0,Centro,0,374.61,184.8
365,A,35.0,Sureste,0,315.67,110.9
1096,B,49.0,Norte,0,208.25,121.2
660,A,18.0,Occidente,0,414.97,39.6
15,A,50.0,Occidente,0,324.71,81.3
687,A,60.0,Sur,0,148.72,148.2
87,A,42.0,Centro,0,351.13,147.1
371,A,40.0,Sur,0,945.84,89.7
166,A,36.0,Norte,1,170.7,75.4
132,A,,Occidente,0,206.32,101.6
336,A,24.0,Sureste,1,420.88,152.5
60,A,35.0,Norte,0,83.51,31.7
710,A,39.0,Sur,1,1030.67,34.6
677,A,43.0,Norte,0,782.27,25.9
355,A,45.0,Sureste,1,447.46,66.0
425,A,23.0,Centro,0,208.87,80.4
293,A,30.0,Centro,0,138.77,41.6
42,A,28.0,Occidente,0,424.05,100.2
330,A,31.0,Sur,0,413.1,73.1
615,A,32.0,Sureste,0,732.83,50.7
430,A,35.0,Occidente,1,982.93,71.9
80,A,25.0,Sureste,0,283.97,79.9
694,A,32.0,Centro,0,258.17,42.7
29,A,38.0,Centro,0,55.87,63.4
708,A,40.0,Centro,0,276.43,52.0
797,A,27.0,Norte,0,302.65,153.2
255,A,26.0,Sur,0,183.94,99.3
914,A,53.0,Sur,0,1372.3,105.7
459,A,25.0,Occidente,0,282.49,29.7
384,A,35.0,Centro,0,610.16,94.9
314,A,28.0,Sureste,0,53.67,109.4
85,A,41.0,Occidente,0,1145.05,29.3
575,A,41.0,Centro,1,76.65,52.8
137,A,38.0,Norte,0,470.89,53.7
112,A,36.0,Centro,0,308.95,72.4
195,A,29.0,Centro,0,578.86,118.3
179,A,53.0,Centro,0,301.4,76.5
556,A,34.0,Centro,1,94.51,115.4
724,A,25.0,Norte,0,334.85,95.2
497,A,31.0,Sureste,0,1192.92,92.0
130,A,23.0,Sur,0,451.53,44.4
716,A,42.0,Sur,0,254.31,199.6
338,A,25.0,Centro,0,279.67,122.3
1121,B,35.0,Sur,0,287.38,29.4
609,A,31.0,Sur,0,589.76,31.3
125,A,37.0,Centro,0,506.92,70.1
196,A,43.0,Occidente,0,231.74,93.6
227,A,28.0,Sur,0,313.58,30.4
690,A,18.0,Sur,0,189.47,16.3
269,A,29.0,Sureste,1,452.27,71.3
153,A,30.0,Norte,1,247.29,44.1
585,A,40.0,Sureste,0,242.81,14.1
104,A,37.0,Centro,0,519.07,94.2
594,A,23.0,Norte,0,463.86,161.0
1036,B,25.0,Sur,1,252.32,32.1
862,A,20.0,Sur,0,438.31,49.7
777,A,23.0,Centro,0,222.14,18.5
1119,B,30.0,Sureste,0,213.11,208.5
228,A,31.0,Sureste,1,212.16,57.7
1058,B,,Sureste,0,439.78,53.7
302,A,44.0,Norte,0,236.4,85.5
276,A,34.0,Centro,0,519.76,38.7
127,A,42.0,Centro,1,315.19,10.2
406,A,44.0,Centro,0,130.79,25.5
776,A,30.0,Centro,0,39.13,186.6
999,B,28.0,Centro,0,854.91,91.7
766,A,31.0,Sureste,0,305.48,90.7
684,A,36.0,Sur,0,304.4,300.6
750,A,20.0,Centro,0,583.04,143.8
1061,B,35.0,Occidente,0,653.05,73.7
37,A,18.0,Occidente,0,506.56,78.6
140,A,25.0,Norte,1,191.25,96.7
304,A,33.0,Centro,0,508.16,106.3
268,A,40.0,Sur,0,896.11,143.8
534,A,24.0,Sur,0,201.25,13.4
546,A,53.0,Centro,0,322.13,76.8
213,A,42.0,Centro,1,763.78,28.1
469,A,50.0,Centro,0,625.92,9.2
199,A,35.0,Centro,0,319.61,102.2
673,A,18.0,Norte,0,540.4,151.0
528,A,34.0,Occidente,1,1123.81,365.2
676,A,35.0,Sur,0,233.09,96.8
965,B,19.0,Sureste,0,442.03,94.8
242,A,44.0,Centro,0,147.97,91.6
343,A,38.0,Sureste,0,298.67,23.4
550,A,30.0,Sur,0,408.44,38.8
387,A,31.0,Occidente,0,73.43,73.5
1040,B,36.0,Norte,0,694.84,276.1
207,A,32.0,Centro,0,472.81,296.8
296,A,36.0,Sur,0,488.23,45.2
696,A,48.0,Norte,1,337.44,77.3
939,A,42.0,Centro,0,1128.63,60.5
74,A,33.0,Occidente,0,24.8,67.1
1003,B,18.0,Sureste,0,288.01,246.4
105,A,46.0,Centro,0,229.7,127.0
842,A,28.0,Norte,0,194.7,129.2
867,A,27.0,Norte,0,460.71,156.0
1103,B,30.0,Centro,0,289.7,112.4
17,A,34.0,Centro,0,193.07,53.1
440,A,32.0,Centro,0,425.9,89.8
92,A,,Centro,0,419.68,67.6
89,A,20.0,Sureste,0,837.27,78.0
979,B,41.0,Occidente,0,153.33,65.2
451,A,35.0,Centro,0,312.19,90.6
718,A,22.0,Centro,0,594.49,18.8
103,A,32.0,Occidente,0,260.09,17.0
239,A,43.0,Centro,1,386.79,44.2
969,B,25.0,Sur,0,237.43,200.1
247,A,27.0,Centro,0,434.46,46.3
871,A,43.0,Centro,0,475.33,7.9
158,A,37.0,Norte,1,261.27,87.5
480,A,39.0,Sureste,0,152.18,79.4
839,A,50.0,Sur,0,192.8,155.4
646,A,52.0,Norte,0,171.59,21.8
6,A,30.0,Sur,0,316.38,285.7
1006,B,50.0,Occidente,0,334.86,316.3
19,A,34.0,Norte,1,164.52,124.3
861,A,44.0,Norte,0,276.47,143.0
122,A,26.0,Centro,0,266.48,323.5
1022,B,24.0,Centro,0,568.54,52.0
882,A,37.0,Centro,1,400.41,83.8
275,A,33.0,Occidente,0,153.65,73.9
434,A,53.0,Centro,0,369.46,32.5
993,B,27.0,Centro,0,1010.91,81.1
1066,B,40.0,Norte,0,778.19,133.7
312,A,37.0,Sur,0,273.03,106.4
926,A,35.0,Norte,0,695.06,56.1
1021,B,35.0,Centro,0,468.27,63.3
781,A,35.0,Occidente,0,463.73,167.6
547,A,35.0,Centro,0,294.66,64.2
182,A,35.0,Centro,0,790.7,82.8
185,A,22.0,Sur,0,441.2,404.6
407,A,41.0,Sur,0,120.09,133.1
720,A,26.0,Sureste,0,535.32,166.1
607,A,41.0,Centro,0,234.18,84.3
693,A,26.0,Centro,0,92.15,44.0
521,A,40.0,Centro,0,504.42,53.1
866,A,28.0,Occidente,1,529.07,52.3
381,A,23.0,Sur,0,1148.37,95.5
411,A,24.0,Centro,0,227.82,75.4
635,A,43.0,Norte,0,66.99,6.7
370,A,32.0,Norte,0,144.2,60.0
1049,B,44.0,Centro,0,665.84,90.2
1019,B,26.0,Occidente,0,238.03,26.7
1126,B,43.0,Norte,0,231.26,43.3
79,A,39.0,Sureste,0,70.97,405.6
863,A,31.0,Centro,0,655.99,96.7
574,A,24.0,Occidente,0,157.18,43.2
1109,B,33.0,Norte,1,848.33,218.8
638,A,18.0,Centro,0,100.66,82.2
608,A,35.0,Sureste,0,322.51,220.8
967,B,,Sur,0,241.74,76.0
69,A,49.0,Norte,0,590.73,57.7
860,A,32.0,Centro,0,676.95,184.9
1017,B,18.0,Norte,0,440.79,90.9
1082,B,26.0,Centro,1,326.97,46.6
417,A,27.0,Centro,0,164.59,79.8
1120,B,41.0,Occidente,0,61.14,148.8
562,A,31.0,Centro,0,405.59,151.9
68,A,37.0,Sur,1,577.95,16.8
537,A,22.0,Centro,0,1130.69,271.1
78,A,29.0,Centro,0,89.66,62.4
106,A,35.0,Sur,0,302.7,164.8
1127,B,37.0,Sureste,0,382.66,43.2
1110,B,24.0,Sur,0,381.06,73.9
639,A,44.0,Centro,0,368.48,11.2
560,A,31.0,Occidente,0,315.57,52.5
847,A,39.0,Sur,0,364.66,44.1
928,A,33.0,Sureste,0,82.39,115.4
691,A,20.0,Centro,0,387.31,69.2
949,A,34.0,Norte,0,100.65,85.8
1047,B,20.0,Centro,0,1262.82,132.8
1092,B,25.0,Occidente,0,826.89,156.3
1048,B,39.0,Sur,0,363.7,124.6
736,A,39.0,Sur,0,405.38,34.3
947,A,21.0,Sureste,0,525.99,153.5
491,A,39.0,Norte,0,682.13,
1123,B,22.0,Centro,0,58.04,283.5
830,A,36.0,Centro,0,721.87,95.3
1029,B,33.0,Occidente,0,272.64,61.6
606,A,24.0,Norte,0,633.85,81.0
364,A,48.0,Sureste,0,880.82,126.5
70,A,39.0,Norte,0,362.4,141.4
549,A,43.0,Occidente,0,130.42,71.8
809,A,35.0,Sureste,0,554.8,68.9
161,A,35.0,Sur,1,54.55,154.1
875,A,35.0,Sur,0,176.3,69.1
12,A,24.0,Centro,0,321.5,81.0
145,A,33.0,Centro,1,290.64,50.1
918,A,42.0,Sur,1,92.7,120.8
518,A,36.0,Centro,0,177.01,154.7
428,A,48.0,Centro,0,684.59,239.8
640,A,33.0,Norte,0,206.64,124.4
177,A,,Norte,0,111.63,71.7
441,A,29.0,Norte,0,203.13,113.2
815,A,41.0,Centro,0,370.05,78.6
522,A,18.0,Norte,0,262.28,45.5
1050,B,28.0,Centro,0,723.76,110.7
449,A,36.0,Centro,0,224.73,280.9
689,A,29.0,Occidente,0,896.14,102.0
232,A,37.0,Norte,0,400.71,98.0
211,A,40.0,Sur,0,329.78,228.6
641,A,23.0,Sur,0,214.75,150.1
144,A,23.0,Centro,1,510.66,219.2
754,A,39.0,Norte,0,334.92,71.2
520,A,21.0,Centro,0,66.33,36.2
349,A,40.0,Centro,0,494.89,95.9
299,A,18.0,Occidente,0,1434.3,79.7
823,A,44.0,Sureste,0,896.87,428.7
767,A,38.0,Sureste,0,287.38,64.5
429,A,38.0,Sureste,0,181.09,41.3
613,A,22.0,Centro,1,423.9,37.1
1086,B,22.0,Norte,0,479.51,313.0
1091,B,21.0,Centro,0,662.52,40.5
9,A,37.0,Sur,0,454.78,66.4
157,A,20.0,Norte,0,952.87,112.9
540,A,31.0,Norte,0,176.5,169.9
507,A,25.0,Centro,0,113.63,74.2
437,A,31.0,Occidente,0,498.16,100.7
267,A,46.0,Occidente,0,1186.74,112.7
827,A,40.0,Sur,0,342.02,146.8
462,A,34.0,Occidente,0,577.76,150.4
577,A,46.0,Centro,0,644.11,66.1
339,A,21.0,Occidente,0,129.6,25.3
256,A,18.0,Centro,0,1156.7,78.5
981,B,38.0,Occidente,0,360.11,105.9
1034,B,30.0,Sur,0,254.03,98.2
666,A,38.0,Sureste,0,69.26,105.7
561,A,28.0,Norte,1,165.66,132.8
209,A,57.0,Centro,0,442.88,115.2
911,A,31.0,Norte,0,161.47,105.3
288,A,51.0,Norte,0,181.43,38.9
2,A,41.0,Norte,0,437.87,97.0
940,A,20.0,Centro,0,234.34,30.2
342,A,32.0,Centro,0,135.02,24.1
270,A,41.0,Centro,0,657.13,60.1
266,A,34.0,Centro,0,1053.14,27.4
915,A,18.0,Sur,0,158.22,108.0
995,B,31.0,Centro,0,252.73,216.5
1005,B,29.0,Norte,0,754.58,41.9
881,A,25.0,Sureste,0,274.55,339.5
96,A,41.0,Sur,0,536.11,32.6
1108,B,27.0,Norte,0,97.06,140.6
865,A,49.0,Sur,0,429.21,177.9
43,A,32.0,Centro,0,601.05,142.7
874,A,23.0,Occidente,0,111.1,113.0
980,B,26.0,Norte,0,308.9,57.9
399,A,48.0,Norte,0,881.79,274.6
1020,B,30.0,Sur,0,280.06,210.8
629,A,32.0,Centro,0,101.84,127.2
937,A,24.0,Sureste,0,159.15,56.0
46,A,37.0,Centro,0,454.24,18.5
162,A,33.0,Sur,0,914.2,27.8
728,A,43.0,Occidente,0,705.34,41.1
630,A,31.0,Sur,0,354.03,62.5
289,A,23.0,Norte,0,209.17,57.2
590,A,31.0,Sureste,0,576.58,55.1
1063,B,37.0,Centro,0,380.82,120.7
902,A,31.0,Norte,0,186.56,81.8
1099,B,31.0,Centro,0,553.12,115.2
925,A,42.0,Centro,0,140.07,53.1
576,A,,Norte,0,160.34,147.0
851,A,43.0,Centro,0,239.13,70.2
316,A,29.0,Occidente,0,549.87,256.5
812,A,36.0,Sur,0,103.4,168.3
912,A,39.0,Norte,0,816.19,191.3
231,A,51.0,Sur,1,388.32,103.0
810,A,40.0,Centro,0,431.15,178.9
699,A,36.0,Centro,0,797.18,52.9
1012,B,29.0,Occidente,1,473.23,109.8
712,A,35.0,Occidente,0,666.57,315.3
933,A,30.0,Norte,0,210.56,79.2
878,A,22.0,Norte,0,156.48,158.4
77,A,32.0,Occidente,0,267.67,84.2
909,A,28.0,Occidente,0,83.55,42.6
634,A,23.0,Sur,0,134.44,53.0
1111,B,23.0,Centro,1,342.8,106.7
248,A,36.0,Sureste,0,316.32,57.6
820,A,26.0,Norte,0,1143.17,260.8
825,A,38.0,Norte,0,217.06,35.3
477,A,47.0,Norte,0,622.66,95.0
876,A,18.0,Norte,1,288.37,49.8
671,A,25.0,Centro,0,1149.26,142.7
86,A,37.0,Norte,0,30.73,56.7
470,A,23.0,Occidente,0,210.53,160.4
226,A,48.0,Occidente,0,167.55,287.4
889,A,45.0,Norte,0,1117.5,101.6
775,A,19.0,Occidente,0,590.67,76.3
332,A,34.0,Centro,1,464.93,205.7
234,A,32.0,Sur,1,467.43,89.2
589,A,18.0,Occidente,0,346.1,48.3
476,A,36.0,Centro,0,335.52,25.4
1062,B,40.0,Sureste,0,398.69,51.2
662,A,39.0,Centro,0,360.16,219.5
600,A,33.0,Occidente,0,474.14,136.6
970,B,39.0,Occidente,0,303.1,50.7
422,A,39.0,Sur,0,365.63,82.5
183,A,37.0,Centro,0,175.33,168.1
989,B,32.0,Centro,0,340.85,39.4
1001,B,18.0,Centro,0,490.21,177.2
50,A,38.0,Sureste,0,498.21,78.6
1055,B,34.0,Occidente,0,138.96,174.3
1030,B,31.0,Norte,0,102.33,203.1
530,A,39.0,Occidente,1,329.24,71.2
487,A,50.0,Centro,0,746.95,46.6
498,A,34.0,Centro,0,504.05,31.6
107,A,40.0,Sur,0,947.66,100.1
444,A,45.0,Norte,0,813.82,149.2
647,A,44.0,Sureste,0,164.07,59.4
1037,B,30.0,Sur,0,479.22,181.6
727,A,33.0,Sureste,0,572.5,95.9
191,A,32.0,Centro,0,299.47,100.8
283,A,42.0,Sur,0,107.04,51.8
30,A,27.0,Centro,0,823.99,22.5
170,A,29.0,Centro,1,84.78,38.7
1002,B,39.0,Occidente,0,802.96,69.4
101,A,39.0,Occidente,0,529.09,160.4
198,A,18.0,Sureste,1,192.22,231.3
496,A,51.0,Occidente,0,455.69,88.6
648,A,32.0,Norte,0,1059.23,45.1
988,B,32.0,Norte,0,586.45,143.5
45,A,30.0,Centro,0,355.17,103.3
711,A,41.0,Centro,0,31.93,202.8
374,A,34.0,Norte,0,139.84,78.1
679,A,21.0,Centro,0,300.48,86.5
567,A,51.0,Norte,0,822.98,59.1
848,A,27.0,Sureste,0,644.27,157.2
461,A,36.0,Norte,0,616.69,68.4
40,A,54.0,Norte,0,727.72,79.1
435,A,29.0,Norte,0,131.92,68.4
974,B,20.0,Norte,0,357.36,238.8
1008,B,39.0,Norte,0,243.46,99.2
457,A,19.0,Centro,0,1412.68,68.4
261,A,50.0,Norte,0,135.82,154.2
36,A,28.0,Sureste,0,141.36,36.8
828,A,31.0,Occidente,0,358.42,126.3
310,A,33.0,Centro,0,1363.98,39.1
277,A,33.0,Sur,0,968.21,50.9
637,A,20.0,Sur,0,685.12,26.8
655,A,24.0,Centro,0,287.36,148.3
623,A,34.0,Centro,0,215.01,140.1
845,A,32.0,Centro,0,147.17,27.9
394,A,46.0,Sureste,0,17.01,133.6
108,A,35.0,Occidente,1,353.97,115.7
350,A,31.0,Centro,0,480.43,110.1
525,A,42.0,Centro,0,458.83,78.8
785,A,36.0,Norte,0,1692.6,14.1
48,A,30.0,Centro,0,321.22,92.8
204,A,35.0,Norte,0,747.83,80.6
22,A,45.0,Centro,0,566.5,43.9
403,A,56.0,Centro,0,175.24,44.1
990,B,30.0,Occidente,0,430.56,54.4
742,A,43.0,Norte,0,775.33,27.8
34,A,43.0,Centro,0,241.17,102.3
788,A,40.0,Sur,0,507.77,147.7
924,A,18.0,Norte,0,708.52,28.6
1044,B,57.0,Centro,0,630.02,112.9
1088,B,31.0,Sureste,0,76.74,74.8
580,A,34.0,Sureste,0,181.0,100.6
482,A,42.0,Norte,0,239.55,64.0
932,A,46.0,Occidente,0,512.12,59.0
357,A,33.0,Occidente,0,449.85,38.9
760,A,31.0,Sur,0,646.17,273.2
93,A,41.0,Norte,0,58.12,143.1
804,A,29.0,Centro,0,489.76,72.1
746,A,29.0,Centro,0,960.52,32.8
280,A,36.0,Sureste,0,685.28,81.1
765,A,52.0,Centro,0,114.0,83.4
605,A,38.0,Occidente,0,128.21,263.8
1117,B,27.0,Centro,1,455.35,88.7
401,A,36.0,Centro,0,463.69,129.4
258,A,19.0,Norte,0,202.42,38.1
945,A,22.0,Centro,0,491.15,52.6
1097,B,25.0,Occidente,0,733.34,129.2
495,A,40.0,Sureste,0,1042.9,65.5
773,A,37.0,Sur,0,918.41,20.2
551,A,30.0,Sur,0,178.25,203.8
202,A,30.0,Centro,1,541.37,68.6
313,A,48.0,Sur,0,185.12,241.6
291,A,26.0,Centro,0,153.2,121.5
764,A,32.0,Sureste,0,482.51,47.5
950,A,25.0,Norte,0,579.0,53.5
184,A,28.0,Centro,0,65.4,148.8
1069,B,27.0,Sureste,0,313.68,10.1
1031,B,28.0,Centro,0,270.1,91.0
251,A,29.0,Sur,0,379.5,140.9
824,A,,Occidente,0,191.41,291.3
1100,B,39.0,Norte,0,249.23,85.4
941,A,29.0,Occidente,1,106.5,93.2
392,A,23.0,Centro,0,57.65,216.7
1093,B,36.0,Sur,0,98.27,60.8
905,A,27.0,Occidente,0,959.1,92.1
731,A,28.0,Norte,0,295.01,163.5
555,A,40.0,Occidente,0,387.46,55.9
367,A,37.0,Norte,0,364.24,136.0
346,A,40.0,Occidente,0,690.14,24.4
536,A,52.0,Centro,0,483.39,88.1
920,A,34.0,Occidente,0,164.53,64.4
212,A,41.0,Norte,0,231.22,49.7
503,A,39.0,Centro,0,160.16,94.4
538,A,25.0,Norte,0,430.77,82.9
176,A,31.0,Norte,0,560.54,85.8
