Fecha,Producto,Region,Vendedor,Cantidad,Precio,Ventas
2026-01-01,Teclado,Este,Diego,1,800.25,800.25
2026-01-01,Mouse,Sur,Paula,3,438.48,1315.44
2026-01-01,Audifonos,Sur,Carlos,3,608.42,1825.26
2026-01-01,Mouse,Norte,Jorge,5,449.33,2246.65
2026-01-02,Mouse,Sur,Carlos,4,445.68,1782.72
2026-01-02,Monitor,Sur,Paula,1,4285.54,4285.54
2026-01-02,Laptop,Centro,Ana,2,15334.46,30668.92
2026-01-02,Mouse,Centro,Sofia,4,453.13,1812.52
2026-01-02,Teclado,Norte,Jorge,1,860.99,860.99
2026-01-02,Teclado,Este,Luis,5,839.08,4195.4
2026-01-02,Impresora,Centro,Sofia,2,3259.13,6518.26
2026-01-03,Laptop,Norte,Jorge,2,15435.73,30871.46
2026-01-03,Mouse,Sur,Paula,3,459.6,1378.8
2026-01-04,Teclado,Norte,Maria,2,817.47,1634.94
2026-01-04,Laptop,Centro,Ana,1,15310.72,15310.72
2026-01-05,Mouse,Norte,Maria,4,445.19,1780.76
2026-01-05,Teclado,Centro,Sofia,1,841.35,841.35
2026-01-05,Teclado,Norte,Maria,2,824.57,1649.14
2026-01-05,Mouse,Centro,Sofia,3,441.06,1323.18
2026-01-05,Laptop,Sur,Paula,1,14788.77,14788.77
2026-01-05,Laptop,Sur,Carlos,1,14809.52,14809.52
2026-01-06,Monitor,Centro,Sofia,2,4017.8,8035.6
2026-01-06,Mouse,Centro,Ana,2,471.62,943.24
2026-01-06,Laptop,Centro,Sofia,1,15611.63,15611.63
2026-01-06,Laptop,Norte,Maria,2,14583.04,29166.08
2026-01-07,Teclado,Centro,Ana,1,812.49,812.49
2026-01-07,Mouse,Norte,Maria,3,489.34,1468.02
2026-01-07,Mouse,Centro,Sofia,2,439.03,878.06
2026-01-07,Teclado,Norte,Maria,5,854.0,4270.0
2026-01-08,Monitor,Norte,Maria,2,4221.75,8443.5
2026-01-08,Impresora,Centro,Sofia,3,3196.09,9588.27
2026-01-08,Laptop,Sur,Paula,1,15126.31,15126.31
2026-01-08,Mouse,Norte,Jorge,5,434.0,2170.0
2026-01-08,Mouse,Centro,Ana,5,461.32,2306.6
2026-01-09,Audifonos,Este,Luis,3,623.51,1870.53
2026-01-09,Mouse,Centro,Sofia,1,470.73,470.73
2026-01-09,Impresora,Norte,Maria,1,3365.47,3365.47
2026-01-09,Monitor,Centro,Sofia,1,4087.26,4087.26
2026-01-09,Impresora,Centro,Ana,3,3232.41,9697.23
2026-01-09,Laptop,Sur,Carlos,1,14978.08,14978.08
2026-01-09,Mouse,Norte,Jorge,5,462.36,2311.8
2026-01-10,Laptop,Este,Luis,1,14852.55,14852.55
2026-01-10,Mouse,Este,Diego,2,440.6,881.2
2026-01-10,Mouse,Sur,Paula,1,451.22,451.22
2026-01-11,Mouse,Este,Diego,4,430.24,1720.96
2026-01-12,Laptop,Norte,Maria,2,15212.19,30424.38
2026-01-12,Audifonos,Norte,Maria,2,597.59,1195.18
2026-01-12,Mouse,Norte,Maria,5,436.68,2183.4
2026-01-12,Laptop,Norte,Maria,1,14033.72,14033.72
2026-01-12,Teclado,Sur,Paula,5,812.59,4062.95
2026-01-12,Mouse,Este,Diego,4,442.85,1771.4
2026-01-12,Monitor,Sur,Paula,2,4566.04,9132.08
2026-01-13,Teclado,Centro,Sofia,3,850.0,2550.0
2026-01-13,Laptop,Norte,Jorge,1,15708.01,15708.01
2026-01-13,Laptop,Centro,Ana,2,14499.41,28998.82
2026-01-13,Laptop,Este,Diego,2,15204.49,30408.98
2026-01-14,Monitor,Este,Luis,2,4418.27,8836.54
2026-01-14,Teclado,Este,Luis,4,871.11,3484.44
2026-01-14,Monitor,Centro,Sofia,2,4192.27,8384.54
2026-01-14,Mouse,Centro,Ana,4,434.09,1736.36
2026-01-14,Teclado,Centro,Sofia,5,784.55,3922.75
2026-01-14,Audifonos,Sur,Paula,4,594.74,2378.96
2026-01-14,Mouse,Norte,Maria,1,426.28,426.28
2026-01-15,Laptop,Sur,Paula,1,15819.29,15819.29
2026-01-15,Impresora,Norte,Jorge,5,3150.25,15751.25
2026-01-15,Mouse,Sur,Paula,5,450.44,2252.2
2026-01-15,Laptop,Sur,Carlos,1,15273.94,15273.94
2026-01-15,Teclado,Sur,Paula,5,891.21,4456.05
2026-01-15,Impresora,Norte,Jorge,4,3341.69,13366.76
2026-01-16,Teclado,Sur,Carlos,4,877.25,3509.0
2026-01-16,Mouse,Centro,Sofia,2,448.01,896.02
2026-01-16,Laptop,Este,Diego,2,15666.65,31333.3
2026-01-16,Impresora,Sur,Carlos,4,3201.1,12804.4
2026-01-17,Laptop,Centro,Ana,2,15589.3,31178.6
2026-01-17,Mouse,Este,Luis,1,481.42,481.42
2026-01-18,Monitor,Centro,Ana,1,4266.05,4266.05
2026-01-19,Laptop,Este,Luis,2,15206.72,30413.44
2026-01-19,Impresora,Sur,Carlos,1,3272.97,3272.97
2026-01-19,Laptop,Norte,Jorge,1,15088.55,15088.55
2026-01-19,Audifonos,Sur,Paula,1,597.88,597.88
2026-01-19,Mouse,Sur,Paula,2,418.5,837.0
2026-01-20,Audifonos,Sur,Paula,5,623.9,3119.5
2026-01-20,Monitor,Norte,Jorge,2,4370.55,8741.1
2026-01-20,Audifonos,Norte,Jorge,4,584.01,2336.04
2026-01-20,Mouse,Este,Diego,4,455.3,1821.2
2026-01-20,Laptop,Este,Luis,1,14727.75,14727.75
2026-01-20,Impresora,Centro,Ana,3,3181.83,9545.49
2026-01-21,Mouse,Centro,Sofia,1,446.04,446.04
2026-01-21,Monitor,Sur,Paula,2,4056.12,8112.24
2026-01-21,Mouse,Sur,Paula,3,438.75,1316.25
2026-01-21,Monitor,Centro,Ana,2,4164.17,8328.34
2026-01-21,Impresora,Norte,Jorge,3,3233.48,9700.44
2026-01-21,Laptop,Norte,Jorge,1,15484.31,15484.31
2026-01-21,Laptop,Este,Diego,1,15480.25,15480.25
2026-01-22,Teclado,Sur,Carlos,3,864.81,2594.43
2026-01-22,Teclado,Sur,Paula,2,828.29,1656.58
2026-01-22,Laptop,Norte,Maria,2,15164.94,30329.88
2026-01-22,Teclado,Norte,Jorge,2,803.3,1606.6
2026-01-22,Audifonos,Este,Luis,2,616.11,1232.22
2026-01-22,Laptop,Centro,Sofia,1,15195.7,15195.7
2026-01-23,Audifonos,Sur,Carlos,3,595.44,1786.32
2026-01-23,Mouse,Sur,Paula,2,451.34,902.68
2026-01-23,Monitor,Centro,Ana,2,4313.12,8626.24
2026-01-23,Mouse,Este,Luis,5,447.42,2237.1
2026-01-23,Teclado,Norte,Jorge,5,856.58,4282.9
2026-01-23,Laptop,Norte,Jorge,2,15203.55,30407.1
2026-01-23,Monitor,Centro,Sofia,2,4100.89,8201.78
2026-01-24,Mouse,Este,Luis,2,445.85,891.7
2026-01-24,Laptop,Centro,Sofia,2,15173.27,30346.54
2026-01-25,Audifonos,Centro,Sofia,3,590.75,1772.25
2026-01-25,Teclado,Este,Diego,4,830.48,3321.92
2026-01-26,Laptop,Este,Luis,1,15084.59,15084.59
2026-01-26,Laptop,Centro,Ana,2,14345.33,28690.66
2026-01-26,Teclado,Sur,Paula,4,788.55,3154.2
2026-01-26,Mouse,Este,Diego,1,476.96,476.96
2026-01-26,Mouse,Sur,Carlos,3,433.5,1300.5
2026-01-27,Mouse,Sur,Paula,2,427.7,855.4
2026-01-27,Mouse,Centro,Sofia,5,453.26,2266.3
2026-01-27,Teclado,Sur,Paula,1,834.0,834.0
2026-01-27,Audifonos,Este,Luis,1,569.66,569.66
2026-01-27,Laptop,Sur,Paula,2,14637.03,29274.06
2026-01-27,Audifonos,Norte,Jorge,5,626.12,3130.6
2026-01-27,Laptop,Centro,Ana,2,15212.01,30424.02
2026-01-28,Laptop,Centro,Ana,1,15143.73,15143.73
2026-01-28,Monitor,Centro,Sofia,1,4277.52,4277.52
2026-01-28,Mouse,Centro,Ana,2,444.73,889.46
2026-01-28,Monitor,Centro,Sofia,1,4163.94,4163.94
2026-01-28,Monitor,Norte,Jorge,1,4288.1,4288.1
2026-01-28,Mouse,Norte,Jorge,3,471.75,1415.25
2026-01-29,Mouse,Centro,Ana,3,427.16,1281.48
2026-01-29,Teclado,Centro,Ana,5,806.51,4032.55
2026-01-29,Audifonos,Centro,Sofia,4,614.13,2456.52
2026-01-29,Monitor,Norte,Maria,1,4500.21,4500.21
2026-01-30,Audifonos,Sur,Paula,3,611.25,1833.75
2026-01-30,Mouse,Sur,Paula,5,444.12,2220.6
2026-01-30,Mouse,Norte,Maria,4,444.27,1777.08
2026-01-30,Teclado,Norte,Jorge,5,828.92,4144.6
2026-01-31,Laptop,Centro,Ana,2,15500.83,31001.66
2026-02-01,Teclado,Centro,Sofia,1,867.89,867.89
2026-02-01,Laptop,Centro,Ana,1,14296.43,14296.43
2026-02-01,Teclado,Norte,Maria,5,826.78,4133.9
2026-02-02,Audifonos,Norte,Jorge,2,558.95,1117.9
2026-02-02,Mouse,Norte,Maria,4,460.36,1841.44
2026-02-02,Teclado,Sur,Carlos,1,863.99,863.99
2026-02-02,Audifonos,Norte,Maria,5,614.53,3072.65
2026-02-02,Mouse,Norte,Maria,1,436.22,436.22
2026-02-02,Laptop,Este,Diego,2,15232.33,30464.66
2026-02-03,Monitor,Este,Diego,1,4458.14,4458.14
2026-02-03,Teclado,Sur,Carlos,2,866.31,1732.62
2026-02-03,Monitor,Centro,Sofia,2,4242.94,8485.88
2026-02-03,Laptop,Norte,Maria,2,15756.82,31513.64
2026-02-03,Monitor,Este,Luis,1,4225.55,4225.55
2026-02-03,Monitor,Centro,Ana,3,4193.55,12580.65
2026-02-03,Impresora,Centro,Ana,1,3223.88,3223.88
2026-02-04,Teclado,Centro,Sofia,5,835.26,4176.3
2026-02-04,Mouse,Sur,Paula,4,448.21,1792.84
2026-02-04,Audifonos,Norte,Maria,4,580.49,2321.96
2026-02-04,Mouse,Este,Luis,1,463.44,463.44
2026-02-04,Mouse,Centro,Sofia,4,433.12,1732.48
2026-02-05,Teclado,Norte,Jorge,5,839.75,4198.75
2026-02-05,Laptop,Este,Luis,2,14477.06,28954.12
2026-02-05,Mouse,Este,Luis,4,448.41,1793.64
2026-02-05,Mouse,Sur,Carlos,5,434.77,2173.85
2026-02-06,Audifonos,Sur,Paula,1,625.69,625.69
2026-02-06,Laptop,Este,Diego,2,14958.02,29916.04
2026-02-06,Monitor,Sur,Paula,2,4110.88,8221.76
2026-02-06,Impresora,Centro,Ana,1,3202.98,3202.98
2026-02-06,Laptop,Norte,Maria,1,15299.96,15299.96
2026-02-06,Laptop,Sur,Carlos,2,14687.92,29375.84
2026-02-07,Teclado,Centro,Ana,3,857.11,2571.33
2026-02-07,Impresora,Sur,Carlos,4,3011.98,12047.92
2026-02-07,Monitor,Sur,Carlos,2,4228.42,8456.84
2026-02-08,Laptop,Este,Luis,2,14749.02,29498.04
2026-02-08,Impresora,Norte,Jorge,3,3319.51,9958.53
2026-02-09,Monitor,Este,Luis,2,4091.35,8182.7
2026-02-09,Teclado,Centro,Ana,4,846.24,3384.96
2026-02-09,Impresora,Norte,Maria,5,3077.41,15387.05
2026-02-09,Audifonos,Norte,Jorge,3,610.0,1830.0
2026-02-10,Audifonos,Este,Diego,4,609.53,2438.12
2026-02-10,Monitor,Norte,Maria,2,4215.02,8430.04
2026-02-10,Teclado,Centro,Ana,3,860.55,2581.65
2026-02-10,Laptop,Norte,Maria,1,15741.33,15741.33
2026-02-10,Mouse,Norte,Maria,1,462.69,462.69
2026-02-10,Audifonos,Centro,Ana,5,621.61,3108.05
2026-02-10,Teclado,Norte,Jorge,5,859.76,4298.8
2026-02-11,Teclado,Norte,Maria,4,859.55,3438.2
2026-02-11,Mouse,Centro,Ana,5,436.5,2182.5
2026-02-11,Monitor,Norte,Jorge,1,4204.36,4204.36
2026-02-11,Teclado,Sur,Paula,3,861.32,2583.96
2026-02-11,Teclado,Sur,Paula,4,849.95,3399.8
2026-02-11,Teclado,Norte,Jorge,5,820.36,4101.8
2026-02-11,Monitor,Este,Diego,1,4195.51,4195.51
2026-02-12,Audifonos,Sur,Carlos,2,594.55,1189.1
2026-02-12,Monitor,Este,Diego,1,4365.67,4365.67
2026-02-12,Mouse,Sur,Paula,3,451.77,1355.31
2026-02-12,Mouse,Centro,Sofia,3,458.56,1375.68
2026-02-12,Laptop,Sur,Carlos,2,15170.48,30340.96
2026-02-12,Monitor,Sur,Paula,2,4068.32,8136.64
2026-02-12,Laptop,Centro,Sofia,1,15152.94,15152.94
2026-02-13,Impresora,Este,Luis,2,3293.49,6586.98
2026-02-13,Laptop,Centro,Sofia,2,15443.76,30887.52
2026-02-13,Mouse,Centro,Sofia,2,442.74,885.48
2026-02-13,Monitor,Centro,Sofia,2,3925.29,7850.58
2026-02-13,Mouse,Centro,Sofia,4,452.74,1810.96
2026-02-14,Impresora,Sur,Paula,5,3210.53,16052.65
2026-02-15,Teclado,Norte,Jorge,4,860.48,3441.92
2026-02-15,Mouse,Centro,Ana,2,443.84,887.68
2026-02-15,Monitor,Norte,Maria,1,4382.09,4382.09
2026-02-16,Mouse,Norte,Maria,2,428.5,857.0
2026-02-16,Laptop,Centro,Ana,2,15645.89,31291.78
2026-02-16,Laptop,Sur,Paula,1,15049.68,15049.68
2026-02-16,Laptop,Este,Diego,1,14731.76,14731.76
2026-02-16,Mouse,Sur,Carlos,1,466.55,466.55
2026-02-16,Mouse,Este,Diego,2,465.26,930.52
2026-02-16,Laptop,Sur,Carlos,1,15315.33,15315.33
2026-02-17,Laptop,Este,Diego,2,14881.62,29763.24
2026-02-17,Laptop,Centro,Sofia,2,15016.75,30033.5
2026-02-17,Mouse,Norte,Maria,2,473.91,947.82
2026-02-17,Mouse,Centro,Ana,2,422.98,845.96
2026-02-17,Audifonos,Norte,Jorge,3,620.41,1861.23
2026-02-17,Teclado,Centro,Sofia,2,843.07,1686.14
2026-02-17,Teclado,Norte,Jorge,3,850.08,2550.24
2026-02-18,Mouse,Norte,Jorge,1,444.81,444.81
2026-02-18,Audifonos,Centro,Sofia,5,604.91,3024.55
2026-02-18,Teclado,Centro,Ana,5,887.56,4437.8
2026-02-18,Monitor,Norte,Maria,2,4010.08,8020.16
2026-02-18,Mouse,Este,Luis,2,444.44,888.88
2026-02-19,Mouse,Centro,Sofia,2,436.53,873.06
2026-02-19,Audifonos,Centro,Ana,2,606.59,1213.18
2026-02-19,Monitor,Centro,Sofia,2,4198.66,8397.32
2026-02-19,Audifonos,Sur,Carlos,4,597.46,2389.84
2026-02-19,Teclado,Este,Luis,3,899.31,2697.93
2026-02-19,Monitor,Sur,Carlos,1,4066.66,4066.66
2026-02-20,Audifonos,Norte,Jorge,4,567.41,2269.64
2026-02-20,Laptop,Este,Luis,2,15580.75,31161.5
2026-02-20,Monitor,Norte,Maria,2,4115.05,8230.1
2026-02-20,Laptop,Centro,Ana,2,14779.92,29559.84
2026-02-21,Laptop,Centro,Sofia,1,14740.51,14740.51
2026-02-22,Monitor,Este,Diego,1,4210.9,4210.9
2026-02-22,Mouse,Norte,Jorge,2,458.35,916.7
2026-02-22,Audifonos,Centro,Sofia,2,590.44,1180.88
2026-02-23,Laptop,Sur,Paula,2,14901.89,29803.78
2026-02-23,Impresora,Centro,Sofia,2,3140.13,6280.26
2026-02-23,Audifonos,Este,Diego,1,610.68,610.68
2026-02-23,Teclado,Norte,Maria,4,848.74,3394.96
2026-02-23,Mouse,Centro,Ana,2,440.21,880.42
2026-02-23,Audifonos,Este,Diego,4,571.93,2287.72
2026-02-23,Teclado,Centro,Sofia,3,837.7,2513.1
2026-02-24,Teclado,Centro,Sofia,3,856.39,2569.17
2026-02-24,Audifonos,Centro,Ana,5,603.05,3015.25
2026-02-24,Mouse,Centro,Sofia,2,461.41,922.82
2026-02-24,Audifonos,Norte,Jorge,5,600.96,3004.8
2026-02-25,Teclado,Sur,Paula,1,874.67,874.67
2026-02-25,Monitor,Norte,Maria,1,3963.37,3963.37
2026-02-25,Teclado,Centro,Ana,3,830.61,2491.83
2026-02-25,Laptop,Sur,Paula,1,13883.68,13883.68
2026-02-25,Teclado,Centro,Sofia,1,819.91,819.91
2026-02-25,Audifonos,Centro,Ana,5,633.05,3165.25
2026-02-26,Teclado,Sur,Paula,3,861.95,2585.85
2026-02-26,Audifonos,Sur,Paula,2,607.7,1215.4
2026-02-26,Teclado,Este,Luis,3,858.33,2574.99
2026-02-26,Monitor,Este,Diego,1,4270.85,4270.85
2026-02-26,Laptop,Norte,Maria,2,14830.7,29661.4
2026-02-26,Mouse,Centro,Ana,4,462.37,1849.48
2026-02-27,Monitor,Norte,Jorge,1,4367.41,4367.41
2026-02-27,Mouse,Este,Diego,1,455.47,455.47
2026-02-27,Laptop,Sur,Paula,2,15079.77,30159.54
2026-02-27,Impresora,Sur,Paula,3,3169.53,9508.59
2026-02-27,Teclado,Centro,Ana,1,822.29,822.29
2026-02-28,Impresora,Norte,Maria,2,3255.25,6510.5
2026-02-28,Monitor,Norte,Jorge,1,4138.05,4138.05
2026-02-28,Impresora,Sur,Carlos,1,3244.37,3244.37
2026-03-01,Audifonos,Centro,Sofia,4,609.24,2436.96
2026-03-02,Mouse,Este,Diego,5,468.47,2342.35
2026-03-02,Monitor,Centro,Sofia,2,4172.63,8345.26
2026-03-02,Monitor,Centro,Ana,2,4085.16,8170.32
2026-03-02,Monitor,Sur,Paula,2,4082.95,8165.9
2026-03-02,Teclado,Centro,Sofia,1,838.78,838.78
2026-03-02,Teclado,Centro,Sofia,5,859.2,4296.0
2026-03-03,Monitor,Sur,Paula,2,4391.07,8782.14
2026-03-03,Teclado,Norte,Jorge,5,847.32,4236.6
2026-03-03,Teclado,Sur,Paula,1,852.31,852.31
2026-03-03,Mouse,Sur,Paula,5,438.47,2192.35
2026-03-03,Audifonos,Centro,Sofia,1,575.52,575.52
2026-03-04,Mouse,Sur,Paula,1,434.05,434.05
2026-03-04,Monitor,Centro,Ana,1,4241.57,4241.57
2026-03-04,Monitor,Norte,Jorge,2,4155.44,8310.88
2026-03-04,Monitor,Centro,Sofia,1,4241.37,4241.37
2026-03-04,Mouse,Norte,Maria,1,449.82,449.82
2026-03-04,Audifonos,Centro,Sofia,1,573.77,573.77
2026-03-05,Monitor,Centro,Ana,1,4262.84,4262.84
2026-03-05,Mouse,Centro,Ana,1,450.92,450.92
2026-03-05,Monitor,Centro,Ana,1,4226.5,4226.5
2026-03-05,Teclado,Sur,Carlos,5,817.67,4088.35
2026-03-05,Audifonos,Este,Diego,4,619.42,2477.68
2026-03-05,Laptop,Centro,Ana,1,15139.23,15139.23
2026-03-05,Audifonos,Norte,Maria,4,613.49,2453.96
2026-03-06,Impresora,Este,Luis,5,3280.63,16403.15
2026-03-06,Monitor,Sur,Paula,1,4098.79,4098.79
2026-03-06,Monitor,Norte,Maria,1,4126.7,4126.7
2026-03-06,Audifonos,Sur,Paula,1,613.89,613.89
2026-03-07,Monitor,Sur,Paula,2,4016.85,8033.7
2026-03-07,Monitor,Este,Diego,1,4291.94,4291.94
2026-03-07,Audifonos,Norte,Maria,2,579.36,1158.72
2026-03-08,Laptop,Centro,Ana,2,15535.33,31070.66
2026-03-08,Audifonos,Norte,Maria,1,570.82,570.82
2026-03-09,Monitor,Norte,Jorge,1,4022.34,4022.34
2026-03-09,Mouse,Este,Luis,1,454.33,454.33
2026-03-09,Monitor,Sur,Carlos,2,4342.72,8685.44
2026-03-09,Monitor,Norte,Maria,1,4224.6,4224.6
2026-03-09,Audifonos,Norte,Maria,4,599.23,2396.92
2026-03-10,Impresora,Centro,Sofia,2,3029.41,6058.82
2026-03-10,Laptop,Norte,Jorge,1,15528.98,15528.98
2026-03-10,Audifonos,Este,Diego,1,606.75,606.75
2026-03-10,Monitor,Sur,Carlos,2,4197.85,8395.7
2026-03-10,Impresora,Sur,Paula,3,3200.8,9602.4
2026-03-11,Impresora,Este,Luis,4,3178.17,12712.68
2026-03-11,Laptop,Centro,Sofia,1,14685.59,14685.59
2026-03-11,Impresora,Centro,Ana,4,3372.64,13490.56
2026-03-11,Audifonos,Norte,Jorge,4,593.06,2372.24
2026-03-11,Teclado,Centro,Ana,3,845.44,2536.32
2026-03-11,Audifonos,Sur,Paula,4,611.67,2446.68
2026-03-11,Monitor,Sur,Paula,2,4294.73,8589.46
2026-03-12,Mouse,Sur,Paula,5,446.21,2231.05
2026-03-12,Mouse,Centro,Sofia,3,441.37,1324.11
2026-03-12,Audifonos,Norte,Jorge,3,615.72,1847.16
2026-03-12,Mouse,Norte,Jorge,5,442.82,2214.1
2026-03-12,Teclado,Sur,Paula,3,805.69,2417.07
2026-03-13,Mouse,Sur,Paula,2,453.2,906.4
2026-03-13,Teclado,Sur,Paula,2,845.82,1691.64
2026-03-13,Teclado,Centro,Ana,1,824.18,824.18
2026-03-13,Audifonos,Centro,Ana,5,575.91,2879.55
2026-03-13,Laptop,Norte,Maria,2,15507.31,31014.62
2026-03-14,Mouse,Sur,Paula,1,448.77,448.77
2026-03-14,Teclado,Sur,Paula,3,873.32,2619.96
2026-03-15,Teclado,Sur,Carlos,4,835.29,3341.16
2026-03-15,Monitor,Sur,Paula,1,4386.15,4386.15
2026-03-16,Monitor,Norte,Maria,2,4117.3,8234.6
2026-03-16,Monitor,Centro,Sofia,2,4485.72,8971.44
2026-03-16,Laptop,Sur,Paula,2,14524.28,29048.56
2026-03-16,Teclado,Norte,Jorge,5,826.6,4133.0
2026-03-16,Monitor,Este,Luis,2,4209.07,8418.14
2026-03-16,Teclado,Sur,Paula,5,815.66,4078.3
2026-03-16,Mouse,Sur,Carlos,1,451.29,451.29
2026-03-17,Teclado,Centro,Sofia,5,809.4,4047.0
2026-03-17,Monitor,Norte,Jorge,1,4234.5,4234.5
2026-03-17,Mouse,Norte,Maria,3,448.0,1344.0
2026-03-17,Monitor,Sur,Carlos,1,4148.38,4148.38
2026-03-17,Monitor,Este,Diego,2,4205.0,8410.0
2026-03-17,Impresora,Norte,Jorge,2,3199.32,6398.64
2026-03-18,Mouse,Centro,Sofia,4,437.84,1751.36
2026-03-18,Laptop,Norte,Jorge,2,14083.02,28166.04
2026-03-18,Monitor,Centro,Sofia,2,4272.91,8545.82
2026-03-18,Impresora,Este,Diego,1,3174.96,3174.96
2026-03-18,Impresora,Norte,Jorge,2,3115.55,6231.1
2026-03-18,Teclado,Este,Diego,3,844.23,2532.69
2026-03-19,Mouse,Norte,Jorge,2,441.34,882.68
2026-03-19,Monitor,Norte,Maria,2,4178.75,8357.5
2026-03-19,Laptop,Sur,Paula,1,14511.93,14511.93
2026-03-19,Audifonos,Este,Luis,1,596.24,596.24
2026-03-19,Teclado,Norte,Jorge,2,835.67,1671.34
2026-03-20,Impresora,Centro,Sofia,3,3373.66,10120.98
2026-03-20,Monitor,Norte,Maria,2,4142.44,8284.88
2026-03-20,Teclado,Sur,Carlos,4,855.09,3420.36
2026-03-20,Mouse,Norte,Jorge,3,434.65,1303.95
2026-03-21,Monitor,Centro,Ana,1,4143.3,4143.3
2026-03-22,Laptop,Sur,Paula,1,14648.8,14648.8
2026-03-22,Monitor,Este,Diego,1,4278.01,4278.01
2026-03-23,Laptop,Este,Luis,2,14722.78,29445.56
2026-03-23,Laptop,Sur,Paula,1,15462.11,15462.11
2026-03-23,Teclado,Centro,Sofia,2,835.13,1670.26
2026-03-23,Teclado,Norte,Maria,2,839.71,1679.42
2026-03-23,Mouse,Norte,Jorge,5,449.55,2247.75
2026-03-23,Monitor,Sur,Carlos,1,4045.28,4045.28
2026-03-23,Laptop,Norte,Maria,2,14590.9,29181.8
2026-03-24,Mouse,Centro,Ana,3,441.17,1323.51
2026-03-24,Audifonos,Centro,Ana,5,594.85,2974.25
2026-03-24,Audifonos,Centro,Sofia,2,595.75,1191.5
2026-03-24,Laptop,Centro,Ana,1,14806.29,14806.29
2026-03-24,Teclado,Centro,Ana,1,893.26,893.26
2026-03-25,Mouse,Sur,Carlos,6,479.89,2879.34
2026-03-25,Impresora,Norte,Jorge,4,3208.44,12833.76
2026-03-25,Laptop,Norte,Jorge,1,15219.9,15219.9
2026-03-25,Audifonos,Centro,Sofia,4,585.85,2343.4
2026-03-25,Teclado,Centro,Sofia,3,815.31,2445.93
2026-03-26,Teclado,Norte,Maria,5,878.63,4393.15
2026-03-26,Teclado,Este,Luis,3,817.75,2453.25
2026-03-26,Teclado,Norte,Maria,2,890.55,1781.1
2026-03-26,Teclado,Norte,Maria,3,862.15,2586.45
2026-03-26,Impresora,Norte,Maria,5,3071.99,15359.95
2026-03-27,Monitor,Sur,Carlos,1,4273.47,4273.47
2026-03-27,Audifonos,Centro,Sofia,4,577.96,2311.84
2026-03-27,Teclado,Centro,Ana,1,866.84,866.84
2026-03-27,Monitor,Norte,Jorge,1,4292.84,4292.84
2026-03-27,Monitor,Este,Diego,1,4364.84,4364.84
2026-03-27,Monitor,Sur,Carlos,2,4283.16,8566.32
2026-03-28,Mouse,Sur,Paula,4,473.25,1893.0
2026-03-29,Teclado,Centro,Sofia,2,874.6,1749.2
2026-03-29,Audifonos,Norte,Maria,1,574.68,574.68
2026-03-29,Monitor,Norte,Maria,1,4195.66,4195.66
2026-03-30,Mouse,Sur,Paula,4,439.14,1756.56
2026-03-30,Monitor,Sur,Carlos,2,4216.62,8433.24
2026-03-30,Teclado,Centro,Ana,1,859.87,859.87
2026-03-30,Mouse,Este,Luis,5,448.71,2243.55
2026-03-31,Impresora,Sur,Carlos,2,3131.47,6262.94
2026-03-31,Mouse,Sur,Paula,4,435.86,1743.44
2026-03-31,Monitor,Centro,Sofia,2,4225.02,8450.04
2026-03-31,Teclado,Este,Luis,1,855.49,855.49
2026-03-31,Monitor,Centro,Ana,1,4208.53,4208.53
2026-04-01,Teclado,Centro,Ana,3,877.25,2631.75
2026-04-01,Impresora,Sur,Carlos,3,3123.31,9369.93
2026-04-01,Teclado,Norte,Jorge,2,882.11,1764.22
2026-04-01,Audifonos,Norte,Jorge,3,587.05,1761.15
2026-04-02,Laptop,Norte,Jorge,2,14667.73,29335.46
2026-04-02,Teclado,Centro,Sofia,3,818.98,2456.94
2026-04-02,Impresora,Centro,Ana,2,3260.81,6521.62
2026-04-02,Mouse,Norte,Maria,5,453.03,2265.15
2026-04-02,Mouse,Sur,Carlos,1,451.72,451.72
2026-04-02,Monitor,Centro,Ana,1,4134.29,4134.29
2026-04-03,Mouse,Norte,Maria,3,444.96,1334.88
2026-04-03,Mouse,Norte,Maria,4,426.5,1706.0
2026-04-03,Laptop,Centro,Sofia,1,15247.04,15247.04
2026-04-03,Laptop,Centro,Sofia,2,14164.66,28329.32
2026-04-03,Mouse,Centro,Ana,2,442.72,885.44
2026-04-03,Teclado,Centro,Ana,2,842.49,1684.98
2026-04-03,Audifonos,Norte,Jorge,4,614.23,2456.92
2026-04-04,Teclado,Norte,Maria,3,850.35,2551.05
2026-04-04,Teclado,Sur,Paula,5,852.36,4261.8
2026-04-05,Audifonos,Este,Diego,1,602.72,602.72
2026-04-05,Audifonos,Sur,Carlos,3,580.6,1741.8
2026-04-06,Teclado,Centro,Sofia,3,856.29,2568.87
2026-04-06,Mouse,Este,Luis,4,459.11,1836.44
2026-04-06,Mouse,Norte,Jorge,1,449.47,449.47
2026-04-06,Monitor,Centro,Ana,1,4024.4,4024.4
2026-04-06,Monitor,Norte,Jorge,3,4106.18,12318.54
2026-04-07,Impresora,Norte,Jorge,2,3181.28,6362.56
2026-04-07,Monitor,Norte,Maria,2,3967.36,7934.72
2026-04-07,Laptop,Norte,Maria,2,15057.09,30114.18
2026-04-07,Monitor,Norte,Maria,2,3950.0,7900.0
2026-04-07,Teclado,Este,Luis,1,861.69,861.69
2026-04-07,Audifonos,Centro,Sofia,3,571.55,1714.65
2026-04-08,Teclado,Este,Luis,2,871.07,1742.14
2026-04-08,Teclado,Este,Luis,4,859.34,3437.36
2026-04-08,Teclado,Centro,Ana,3,860.7,2582.1
2026-04-08,Monitor,Centro,Ana,1,4137.85,4137.85
2026-04-08,Mouse,Centro,Ana,1,462.52,462.52
2026-04-08,Audifonos,Norte,Jorge,2,591.18,1182.36
2026-04-09,Monitor,Centro,Ana,1,3920.35,3920.35
2026-04-09,Laptop,Sur,Paula,2,15117.34,30234.68
2026-04-09,Laptop,Sur,Carlos,2,15375.54,30751.08
2026-04-09,Laptop,Centro,Ana,2,14915.14,29830.28
2026-04-09,Impresora,Norte,Maria,2,3344.19,6688.38
2026-04-09,Mouse,Sur,Carlos,4,452.67,1810.68
2026-04-10,Mouse,Centro,Sofia,4,423.53,1694.12
2026-04-10,Mouse,Sur,Paula,2,446.3,892.6
2026-04-10,Monitor,Sur,Paula,2,3892.65,7785.3
2026-04-10,Mouse,Centro,Sofia,5,441.71,2208.55
2026-04-10,Impresora,Centro,Ana,1,3443.06,3443.06
2026-04-10,Monitor,Centro,Sofia,2,4397.99,8795.98
2026-04-10,Monitor,Centro,Sofia,1,4299.4,4299.4
2026-04-11,Monitor,Centro,Ana,2,4144.32,8288.64
2026-04-11,Mouse,Centro,Sofia,2,463.23,926.46
2026-04-11,Audifonos,Sur,Paula,5,584.41,2922.05
2026-04-12,Monitor,Centro,Sofia,2,4086.47,8172.94
2026-04-12,Monitor,Sur,Paula,2,4370.95,8741.9
2026-04-13,Teclado,Este,Luis,1,842.84,842.84
2026-04-13,Laptop,Norte,Jorge,1,15948.1,15948.1
2026-04-13,Teclado,Norte,Jorge,1,876.2,876.2
2026-04-13,Teclado,Sur,Paula,5,824.93,4124.65
2026-04-13,Laptop,Este,Diego,2,14562.77,29125.54
2026-04-14,Audifonos,Norte,Jorge,5,610.52,3052.6
2026-04-14,Laptop,Norte,Maria,1,14465.0,14465.0
2026-04-14,Monitor,Norte,Maria,2,4283.41,8566.82
2026-04-14,Audifonos,Centro,Sofia,1,609.74,609.74
2026-04-14,Audifonos,Centro,Ana,1,591.75,591.75
2026-04-14,Teclado,Sur,Paula,3,834.58,2503.74
2026-04-15,Mouse,Sur,Paula,3,446.22,1338.66
2026-04-15,Mouse,Sur,Paula,1,448.65,448.65
2026-04-15,Teclado,Centro,Ana,3,849.94,2549.82
2026-04-15,Monitor,Centro,Ana,1,4337.42,4337.42
2026-04-15,Mouse,Este,Luis,3,466.63,1399.89
2026-04-16,Teclado,Norte,Maria,5,873.45,4367.25
2026-04-16,Teclado,Sur,Paula,2,834.66,1669.32
2026-04-16,Mouse,Este,Luis,2,442.08,884.16
2026-04-16,Audifonos,Centro,Ana,1,596.13,596.13
2026-04-17,Laptop,Sur,Carlos,1,15224.9,15224.9
2026-04-17,Teclado,Sur,Carlos,4,848.84,3395.36
2026-04-17,Monitor,Este,Luis,1,4279.54,4279.54
2026-04-17,Laptop,Centro,Sofia,1,14756.11,14756.11
2026-04-17,Laptop,Este,Luis,1,15851.87,15851.87
2026-04-17,Teclado,Sur,Paula,5,845.54,4227.7
2026-04-18,Audifonos,Centro,Sofia,2,593.16,1186.32
2026-04-19,Monitor,Este,Diego,2,4205.8,8411.6
2026-04-19,Monitor,Este,Diego,2,4225.37,8450.74
2026-04-19,Teclado,Centro,Sofia,2,866.32,1732.64
2026-04-20,Monitor,Centro,Sofia,1,4304.22,4304.22
2026-04-20,Laptop,Norte,Jorge,2,14960.47,29920.94
2026-04-20,Mouse,Centro,Sofia,5,453.87,2269.35
2026-04-20,Audifonos,Norte,Maria,4,598.43,2393.72
2026-04-20,Audifonos,Centro,Sofia,5,625.38,3126.9
2026-04-20,Mouse,Centro,Sofia,1,436.99,436.99
2026-04-20,Mouse,Este,Diego,1,456.34,456.34
2026-04-21,Impresora,Centro,Sofia,1,3309.46,3309.46
2026-04-21,Mouse,Centro,Ana,2,436.91,873.82
2026-04-21,Monitor,Sur,Carlos,2,4194.65,8389.3
2026-04-21,Monitor,Sur,Paula,1,4173.04,4173.04
2026-04-21,Mouse,Centro,Ana,3,439.59,1318.77
2026-04-21,Teclado,Sur,Paula,3,840.0,2520.0
2026-04-21,Teclado,Sur,Paula,5,855.39,4276.95
2026-04-22,Audifonos,Norte,Maria,2,605.24,1210.48
2026-04-22,Monitor,Norte,Maria,1,4362.11,4362.11
2026-04-22,Teclado,Este,Luis,1,825.76,825.76
2026-04-22,Audifonos,Centro,Sofia,3,593.75,1781.25
2026-04-23,Laptop,Centro,Sofia,2,14991.04,29982.08
2026-04-23,Mouse,Centro,Sofia,2,456.55,913.1
2026-04-23,Teclado,Sur,Carlos,3,804.78,2414.34
2026-04-23,Monitor,Sur,Paula,1,4012.82,4012.82
2026-04-23,Teclado,Norte,Jorge,5,801.3,4006.5
2026-04-23,Laptop,Este,Luis,2,15629.61,31259.22
2026-04-23,Mouse,Centro,Ana,4,438.36,1753.44
2026-04-24,Mouse,Sur,Paula,4,437.79,1751.16
2026-04-24,Laptop,Norte,Jorge,1,15580.47,15580.47
2026-04-24,Audifonos,Norte,Jorge,3,576.57,1729.71
2026-04-24,Impresora,Norte,Maria,5,3195.14,15975.7
2026-04-24,Laptop,Este,Luis,1,14920.7,14920.7
2026-04-24,Mouse,Centro,Sofia,4,450.91,1803.64
2026-04-25,Mouse,Sur,Paula,2,437.25,874.5
2026-04-25,Impresora,Centro,Sofia,1,3262.17,3262.17
2026-04-25,Monitor,Centro,Sofia,3,4140.8,12422.4
2026-04-26,Audifonos,Sur,Carlos,1,592.91,592.91
2026-04-27,Monitor,Norte,Jorge,3,4334.31,13002.93
2026-04-27,Teclado,Norte,Jorge,1,861.87,861.87
2026-04-27,Audifonos,Sur,Carlos,2,597.05,1194.1
2026-04-27,Monitor,Sur,Paula,1,4304.04,4304.04
2026-04-27,Mouse,Centro,Ana,1,454.48,454.48
2026-04-27,Laptop,Este,Diego,2,14759.92,29519.84
2026-04-28,Teclado,Centro,Sofia,2,838.54,1677.08
2026-04-28,Mouse,Este,Luis,3,464.86,1394.58
2026-04-28,Teclado,Centro,Sofia,4,864.62,3458.48
2026-04-28,Teclado,Norte,Jorge,5,824.96,4124.8
2026-04-29,Mouse,Sur,Carlos,3,437.64,1312.92
2026-04-29,Impresora,Norte,Jorge,4,3188.84,12755.36
2026-04-29,Laptop,Sur,Paula,1,14380.78,14380.78
2026-04-29,Monitor,Centro,Ana,2,4200.91,8401.82
2026-04-29,Laptop,Centro,Ana,2,14306.67,28613.34
2026-04-30,Monitor,Sur,Paula,1,4269.85,4269.85
2026-04-30,Impresora,Centro,Ana,5,3305.22,16526.1
2026-04-30,Audifonos,Centro,Sofia,4,589.78,2359.12
2026-04-30,Mouse,Centro,Sofia,2,469.32,938.64
2026-04-30,Laptop,Sur,Carlos,2,14972.54,29945.08
2026-04-30,Mouse,Norte,Maria,3,458.54,1375.62
2026-04-30,Teclado,Sur,Paula,3,863.01,2589.03
2026-05-01,Teclado,Norte,Jorge,1,833.09,833.09
2026-05-01,Laptop,Sur,Paula,1,14821.26,14821.26
2026-05-01,Laptop,Centro,Ana,2,15363.85,30727.7
2026-05-01,Laptop,Este,Luis,1,14758.26,14758.26
2026-05-01,Mouse,Centro,Sofia,4,435.51,1742.04
2026-05-01,Monitor,Centro,Ana,2,4343.74,8687.48
2026-05-02,Mouse,Norte,Maria,3,444.48,1333.44
2026-05-02,Impresora,Centro,Ana,5,3252.21,16261.05
2026-05-03,Audifonos,Sur,Paula,5,635.0,3175.0
2026-05-04,Mouse,Centro,Ana,3,467.08,1401.24
2026-05-04,Audifonos,Centro,Ana,4,568.19,2272.76
2026-05-04,Teclado,Sur,Carlos,2,872.18,1744.36
2026-05-04,Laptop,Norte,Maria,2,15100.93,30201.86
2026-05-04,Audifonos,Este,Diego,1,614.41,614.41
2026-05-05,Monitor,Este,Luis,1,4253.23,4253.23
2026-05-05,Impresora,Norte,Jorge,3,3171.72,9515.16
2026-05-05,Teclado,Centro,Ana,1,852.9,852.9
2026-05-05,Audifonos,Sur,Carlos,5,605.48,3027.4
2026-05-06,Mouse,Sur,Paula,3,469.2,1407.6
2026-05-06,Audifonos,Norte,Maria,5,627.81,3139.05
2026-05-06,Monitor,Norte,Maria,2,4455.96,8911.92
2026-05-06,Monitor,Sur,Paula,1,4126.41,4126.41
2026-05-06,Teclado,Sur,Carlos,5,830.0,4150.0
2026-05-07,Monitor,Centro,Ana,1,4405.05,4405.05
2026-05-07,Teclado,Centro,Sofia,3,819.14,2457.42
2026-05-07,Teclado,Norte,Jorge,5,867.54,4337.7
2026-05-07,Audifonos,Este,Diego,2,564.47,1128.94
2026-05-07,Monitor,Norte,Maria,1,4146.93,4146.93
2026-05-07,Monitor,Norte,Jorge,1,4333.21,4333.21
2026-05-07,Audifonos,Este,Luis,5,577.94,2889.7
2026-05-08,Laptop,Sur,Carlos,2,14801.24,29602.48
2026-05-08,Teclado,Centro,Ana,1,826.18,826.18
2026-05-08,Mouse,Sur,Paula,1,448.39,448.39
2026-05-08,Mouse,Centro,Ana,5,456.55,2282.75
2026-05-08,Monitor,Este,Diego,1,4272.05,4272.05
2026-05-08,Laptop,Centro,Ana,1,14754.89,14754.89
2026-05-08,Mouse,Norte,Jorge,1,451.88,451.88
2026-05-09,Laptop,Sur,Carlos,3,16112.31,48336.93
2026-05-09,Mouse,Centro,Ana,2,455.88,911.76
2026-05-10,Audifonos,Sur,Carlos,1,613.87,613.87
2026-05-11,Monitor,Norte,Maria,1,4332.05,4332.05
2026-05-11,Teclado,Norte,Maria,5,837.99,4189.95
2026-05-11,Impresora,Este,Luis,5,3293.06,16465.3
2026-05-11,Mouse,Norte,Maria,1,474.65,474.65
2026-05-11,Impresora,Sur,Carlos,1,3256.77,3256.77
2026-05-11,Laptop,Este,Diego,1,14968.18,14968.18
2026-05-12,Laptop,Norte,Jorge,2,15479.56,30959.12
2026-05-12,Laptop,Norte,Jorge,2,14980.79,29961.58
2026-05-12,Audifonos,Sur,Paula,6,587.95,3527.7
2026-05-12,Mouse,Este,Luis,1,460.11,460.11
2026-05-12,Monitor,Centro,Sofia,2,4229.63,8459.26
2026-05-12,Laptop,Centro,Ana,1,15083.48,15083.48
2026-05-13,Mouse,Norte,Jorge,5,439.3,2196.5
2026-05-13,Monitor,Centro,Sofia,2,4185.65,8371.3
2026-05-13,Laptop,Sur,Paula,2,15188.32,30376.64
2026-05-13,Teclado,Centro,Ana,2,843.28,1686.56
2026-05-13,Monitor,Norte,Maria,1,4285.25,4285.25
2026-05-14,Audifonos,Centro,Sofia,6,583.48,3500.88
2026-05-14,Mouse,Centro,Ana,5,450.53,2252.65
2026-05-14,Impresora,Centro,Ana,3,3260.2,9780.6
2026-05-14,Audifonos,Norte,Jorge,3,610.17,1830.51
2026-05-14,Laptop,Sur,Carlos,1,14387.08,14387.08
2026-05-15,Teclado,Norte,Maria,3,861.89,2585.67
2026-05-15,Monitor,Norte,Maria,1,4205.19,4205.19
2026-05-15,Teclado,Centro,Sofia,6,841.26,5047.56
2026-05-15,Monitor,Sur,Carlos,1,4333.38,4333.38
2026-05-15,Mouse,Sur,Carlos,3,442.26,1326.78
2026-05-16,Teclado,Centro,Sofia,1,852.18,852.18
2026-05-16,Teclado,Norte,Jorge,1,826.68,826.68
2026-05-16,Impresora,Sur,Paula,3,3060.54,9181.62
2026-05-17,Mouse,Norte,Maria,5,443.46,2217.3
2026-05-18,Monitor,Norte,Jorge,3,4340.32,13020.96
2026-05-18,Monitor,Norte,Jorge,2,4093.68,8187.36
2026-05-18,Audifonos,Centro,Sofia,1,599.19,599.19
2026-05-18,Impresora,Centro,Sofia,4,3137.84,12551.36
2026-05-18,Teclado,Centro,Ana,3,822.15,2466.45
2026-05-18,Teclado,Este,Diego,2,779.89,1559.78
2026-05-18,Mouse,Sur,Carlos,1,445.6,445.6
2026-05-19,Laptop,Este,Diego,1,15439.2,15439.2
2026-05-19,Teclado,Centro,Sofia,5,877.37,4386.85
2026-05-19,Laptop,Este,Luis,1,14972.58,14972.58
2026-05-19,Mouse,Sur,Paula,2,443.32,886.64
2026-05-19,Laptop,Norte,Jorge,1,14050.52,14050.52
2026-05-19,Mouse,Centro,Ana,3,442.48,1327.44
2026-05-20,Audifonos,Centro,Sofia,2,581.84,1163.68
2026-05-20,Impresora,Centro,Ana,2,3213.27,6426.54
2026-05-20,Impresora,Norte,Maria,5,3308.99,16544.95
2026-05-20,Laptop,Sur,Carlos,2,15409.55,30819.1
2026-05-20,Audifonos,Este,Luis,5,595.3,2976.5
2026-05-20,Teclado,Norte,Jorge,4,851.43,3405.72
2026-05-20,Laptop,Centro,Sofia,1,14267.38,14267.38
2026-05-21,Audifonos,Este,Luis,3,595.82,1787.46
2026-05-21,Laptop,Centro,Ana,1,15029.22,15029.22
2026-05-21,Audifonos,Centro,Ana,3,551.33,1653.99
2026-05-21,Laptop,Centro,Sofia,1,14974.82,14974.82
2026-05-21,Monitor,Norte,Maria,1,4038.49,4038.49
2026-05-21,Teclado,Sur,Paula,4,843.49,3373.96
2026-05-22,Mouse,Centro,Ana,3,426.69,1280.07
2026-05-22,Mouse,Norte,Maria,2,449.68,899.36
2026-05-22,Mouse,Norte,Jorge,1,458.44,458.44
2026-05-22,Impresora,Este,Luis,1,3231.19,3231.19
2026-05-23,Teclado,Centro,Ana,3,826.95,2480.85
2026-05-24,Audifonos,Este,Diego,2,587.17,1174.34
2026-05-24,Audifonos,Centro,Sofia,3,630.08,1890.24
2026-05-24,Teclado,Centro,Sofia,5,794.02,3970.1
2026-05-25,Laptop,Sur,Carlos,2,15051.81,30103.62
2026-05-25,Teclado,Centro,Sofia,2,847.06,1694.12
2026-05-25,Mouse,Centro,Ana,3,455.14,1365.42
2026-05-25,Impresora,Sur,Paula,1,3334.73,3334.73
2026-05-26,Teclado,Este,Luis,1,801.65,801.65
2026-05-26,Monitor,Centro,Ana,1,4081.16,4081.16
2026-05-26,Teclado,Este,Luis,2,816.47,1632.94
2026-05-26,Laptop,Norte,Maria,1,15873.39,15873.39
2026-05-26,Teclado,Este,Diego,1,851.19,851.19
2026-05-26,Teclado,Norte,Jorge,1,839.26,839.26
2026-05-26,Mouse,Sur,Paula,1,441.21,441.21
2026-05-27,Teclado,Centro,Sofia,2,864.04,1728.08
2026-05-27,Audifonos,Sur,Carlos,3,620.48,1861.44
2026-05-27,Audifonos,Norte,Jorge,2,623.58,1247.16
2026-05-27,Teclado,Este,Diego,2,852.28,1704.56
2026-05-27,Monitor,Centro,Ana,1,4230.42,4230.42
2026-05-27,Monitor,Sur,Carlos,1,4274.93,4274.93
2026-05-28,Monitor,Sur,Carlos,1,4005.92,4005.92
2026-05-28,Impresora,Norte,Maria,3,3047.78,9143.34
2026-05-28,Teclado,Centro,Sofia,2,850.32,1700.64
2026-05-28,Mouse,Sur,Carlos,2,454.75,909.5
2026-05-28,Mouse,Centro,Ana,5,436.01,2180.05
2026-05-28,Mouse,Este,Diego,5,452.18,2260.9
2026-05-28,Laptop,Norte,Maria,2,14942.24,29884.48
2026-05-29,Mouse,Centro,Sofia,4,439.01,1756.04
2026-05-29,Mouse,Este,Luis,2,446.4,892.8
2026-05-29,Laptop,Este,Diego,2,15255.8,30511.6
2026-05-29,Laptop,Este,Luis,1,14886.27,14886.27
2026-05-29,Laptop,Sur,Paula,1,15322.98,15322.98
2026-05-30,Teclado,Norte,Maria,3,868.29,2604.87
2026-05-31,Mouse,Norte,Maria,2,477.74,955.48
2026-05-31,Monitor,Norte,Jorge,2,4245.77,8491.54
2026-05-31,Audifonos,Norte,Maria,2,606.11,1212.22
2026-06-01,Teclado,Centro,Sofia,2,823.9,1647.8
2026-06-01,Teclado,Sur,Paula,5,884.36,4421.8
2026-06-01,Monitor,Norte,Maria,1,4128.04,4128.04
2026-06-01,Monitor,Norte,Maria,1,4024.92,4024.92
2026-06-01,Teclado,Norte,Maria,4,887.44,3549.76
2026-06-02,Audifonos,Sur,Paula,5,600.83,3004.15
2026-06-02,Laptop,Centro,Sofia,2,14717.59,29435.18
2026-06-02,Audifonos,Norte,Maria,4,621.45,2485.8
2026-06-02,Teclado,Centro,Sofia,3,838.18,2514.54
2026-06-03,Mouse,Sur,Paula,5,441.19,2205.95
2026-06-03,Teclado,Este,Diego,1,884.08,884.08
2026-06-03,Impresora,Norte,Maria,3,3191.33,9573.99
2026-06-03,Audifonos,Centro,Sofia,4,592.93,2371.72
2026-06-03,Monitor,Sur,Paula,2,4307.51,8615.02
2026-06-03,Monitor,Este,Diego,1,4085.73,4085.73
2026-06-03,Audifonos,Centro,Ana,3,605.67,1817.01
2026-06-04,Teclado,Sur,Paula,3,805.77,2417.31
2026-06-04,Monitor,Este,Luis,2,4028.51,8057.02
2026-06-04,Monitor,Norte,Jorge,2,4210.04,8420.08
2026-06-04,Mouse,Sur,Paula,5,435.82,2179.1
2026-06-05,Monitor,Norte,Jorge,1,4091.55,4091.55
2026-06-05,Mouse,Sur,Carlos,3,456.35,1369.05
2026-06-05,Mouse,Norte,Jorge,4,446.87,1787.48
2026-06-05,Teclado,Este,Diego,1,848.71,848.71
2026-06-05,Impresora,Norte,Jorge,3,3124.18,9372.54
2026-06-05,Audifonos,Centro,Sofia,3,612.93,1838.79
2026-06-06,Laptop,Sur,Carlos,2,15313.39,30626.78
2026-06-07,Laptop,Centro,Sofia,1,15284.57,15284.57
2026-06-07,Teclado,Centro,Ana,4,922.56,3690.24
2026-06-07,Mouse,Centro,Sofia,1,470.85,470.85
2026-06-08,Monitor,Este,Luis,2,4279.61,8559.22
2026-06-08,Teclado,Centro,Ana,2,831.46,1662.92
2026-06-08,Laptop,Sur,Carlos,1,14897.66,14897.66
2026-06-08,Mouse,Este,Diego,5,432.83,2164.15
2026-06-08,Monitor,Centro,Sofia,1,4238.18,4238.18
2026-06-09,Impresora,Norte,Jorge,5,3098.68,15493.4
2026-06-09,Teclado,Sur,Paula,5,868.42,4342.1
2026-06-09,Impresora,Centro,Ana,2,3371.0,6742.0
2026-06-09,Impresora,Centro,Ana,3,3193.17,9579.51
2026-06-09,Laptop,Centro,Sofia,1,15245.74,15245.74
2026-06-09,Mouse,Norte,Maria,2,462.52,925.04
2026-06-09,Teclado,Centro,Sofia,3,884.47,2653.41
2026-06-10,Laptop,Sur,Carlos,2,15135.5,30271.0
2026-06-10,Mouse,Centro,Ana,3,448.67,1346.01
2026-06-10,Laptop,Sur,Paula,1,15516.93,15516.93
2026-06-10,Audifonos,Centro,Sofia,4,594.59,2378.36
2026-06-10,Audifonos,Centro,Sofia,3,594.08,1782.24
2026-06-11,Teclado,Norte,Jorge,3,852.19,2556.57
2026-06-11,Teclado,Sur,Paula,3,821.31,2463.93
2026-06-11,Teclado,Este,Luis,2,886.49,1772.98
2026-06-11,Audifonos,Norte,Maria,5,596.95,2984.75
2026-06-11,Mouse,Centro,Sofia,1,439.05,439.05
2026-06-12,Laptop,Norte,Jorge,2,14558.51,29117.02
2026-06-12,Laptop,Este,Luis,1,14780.09,14780.09
2026-06-12,Monitor,Centro,Ana,1,4149.12,4149.12
2026-06-12,Audifonos,Centro,Sofia,1,578.14,578.14
2026-06-12,Mouse,Norte,Maria,1,435.25,435.25
2026-06-12,Mouse,Norte,Maria,3,424.73,1274.19
2026-06-12,Laptop,Centro,Sofia,1,15007.89,15007.89
2026-06-13,Laptop,Centro,Ana,2,13947.11,27894.22
2026-06-14,Monitor,Centro,Ana,1,4119.8,4119.8
2026-06-15,Mouse,Centro,Ana,5,461.99,2309.95
2026-06-15,Monitor,Sur,Carlos,3,4240.71,12722.13
2026-06-15,Mouse,Norte,Maria,5,435.74,2178.7
2026-06-15,Teclado,Norte,Maria,4,811.84,3247.36
2026-06-15,Laptop,Centro,Ana,1,14271.8,14271.8
2026-06-15,Monitor,Centro,Sofia,1,3918.15,3918.15
2026-06-15,Audifonos,Este,Luis,3,603.76,1811.28
2026-06-16,Audifonos,Centro,Ana,5,595.69,2978.45
2026-06-16,Impresora,Sur,Carlos,3,3120.43,9361.29
2026-06-16,Monitor,Norte,Maria,1,4324.52,4324.52
2026-06-16,Teclado,Sur,Paula,4,831.46,3325.84
2026-06-16,Audifonos,Centro,Ana,2,602.07,1204.14
2026-06-16,Laptop,Centro,Sofia,2,14977.24,29954.48
2026-06-17,Mouse,Norte,Jorge,3,428.89,1286.67
2026-06-17,Monitor,Sur,Paula,2,4237.31,8474.62
2026-06-17,Mouse,Centro,Sofia,1,454.42,454.42
2026-06-17,Mouse,Centro,Ana,1,441.6,441.6
2026-06-17,Monitor,Sur,Carlos,1,4069.7,4069.7
2026-06-18,Mouse,Norte,Jorge,1,463.66,463.66
2026-06-18,Audifonos,Norte,Maria,2,616.11,1232.22
2026-06-18,Mouse,Sur,Paula,5,445.71,2228.55
2026-06-18,Mouse,Centro,Ana,5,453.46,2267.3
2026-06-18,Mouse,Este,Luis,3,470.37,1411.11
2026-06-18,Mouse,Centro,Ana,4,454.88,1819.52
2026-06-19,Mouse,Sur,Paula,3,442.36,1327.08
2026-06-19,Teclado,Centro,Ana,1,849.2,849.2
2026-06-19,Monitor,Centro,Sofia,2,4279.97,8559.94
2026-06-19,Teclado,Este,Diego,1,864.98,864.98
2026-06-19,Audifonos,Este,Diego,4,599.68,2398.72
2026-06-20,Teclado,Norte,Maria,1,836.19,836.19
2026-06-21,Teclado,Norte,Maria,3,872.08,2616.24
2026-06-22,Laptop,Este,Diego,1,14706.57,14706.57
2026-06-22,Teclado,Centro,Sofia,5,848.09,4240.45
2026-06-22,Monitor,Norte,Jorge,1,4378.41,4378.41
2026-06-22,Mouse,Este,Diego,2,444.66,889.32
2026-06-22,Mouse,Este,Luis,5,445.0,2225.0
2026-06-22,Laptop,Sur,Paula,1,14801.41,14801.41
2026-06-23,Laptop,Centro,Sofia,2,14709.48,29418.96
2026-06-23,Teclado,Norte,Jorge,4,834.48,3337.92
2026-06-23,Laptop,Sur,Carlos,3,15251.45,45754.35
2026-06-23,Mouse,Este,Diego,3,447.03,1341.09
2026-06-23,Laptop,Norte,Maria,1,15248.38,15248.38
2026-06-23,Audifonos,Norte,Jorge,1,593.67,593.67
2026-06-24,Mouse,Norte,Jorge,2,463.64,927.28
2026-06-24,Monitor,Este,Luis,2,4103.42,8206.84
2026-06-24,Monitor,Este,Diego,2,4225.41,8450.82
2026-06-24,Monitor,Centro,Sofia,2,4173.4,8346.8
2026-06-25,Audifonos,Centro,Sofia,3,635.9,1907.7
2026-06-25,Audifonos,Norte,Jorge,5,606.77,3033.85
2026-06-25,Laptop,Norte,Maria,3,15602.19,46806.57
2026-06-25,Laptop,Centro,Sofia,2,14394.54,28789.08
2026-06-25,Monitor,Sur,Carlos,2,4188.14,8376.28
2026-06-25,Audifonos,Sur,Carlos,4,586.57,2346.28
2026-06-26,Laptop,Centro,Ana,2,15172.95,30345.9
2026-06-26,Laptop,Norte,Jorge,2,14620.59,29241.18
2026-06-26,Laptop,Centro,Ana,2,14646.45,29292.9
2026-06-26,Audifonos,Norte,Maria,4,618.06,2472.24
2026-06-27,Mouse,Centro,Ana,2,423.15,846.3
2026-06-28,Impresora,Centro,Sofia,1,3200.85,3200.85
2026-06-28,Teclado,Este,Luis,4,857.67,3430.68
2026-06-28,Monitor,Sur,Carlos,1,4352.4,4352.4
2026-06-29,Audifonos,Norte,Maria,1,579.82,579.82
2026-06-29,Audifonos,Centro,Sofia,5,609.77,3048.85
2026-06-29,Laptop,Norte,Jorge,1,15877.56,15877.56
2026-06-29,Audifonos,Norte,Maria,4,582.7,2330.8
2026-06-29,Audifonos,Norte,Jorge,2,604.07,1208.14
2026-06-29,Mouse,Este,Luis,5,449.64,2248.2
2026-06-30,Teclado,Centro,Sofia,1,845.31,845.31
2026-06-30,Laptop,Centro,Sofia,1,15633.8,15633.8
2026-06-30,Mouse,Norte,Maria,4,440.94,1763.76
2026-06-30,Mouse,Norte,Maria,4,455.32,1821.28
2026-06-30,Audifonos,Sur,Paula,5,617.66,3088.3
2026-06-30,Audifonos,Norte,Jorge,2,595.18,1190.36
2026-06-30,Mouse,Norte,Jorge,3,453.94,1361.82
2026-07-01,Audifonos,Centro,Sofia,2,630.46,1260.92
2026-07-01,Monitor,Sur,Carlos,2,4001.69,8003.38
2026-07-01,Monitor,Sur,Paula,2,4167.06,8334.12
2026-07-01,Mouse,Norte,Jorge,2,464.8,929.6
2026-07-02,Teclado,Este,Diego,5,903.34,4516.7
2026-07-02,Mouse,Norte,Maria,5,450.59,2252.95
2026-07-02,Laptop,Centro,Ana,2,14756.06,29512.12
2026-07-02,Monitor,Centro,Ana,3,4214.68,12644.04
2026-07-02,Laptop,Centro,Ana,3,15255.78,45767.34
2026-07-02,Mouse,Centro,Sofia,6,463.79,2782.74
2026-07-03,Teclado,Centro,Ana,3,899.84,2699.52
2026-07-03,Teclado,Norte,Jorge,3,823.81,2471.43
2026-07-03,Laptop,Centro,Ana,3,14887.56,44662.68
2026-07-03,Teclado,Centro,Ana,4,835.71,3342.84
2026-07-03,Audifonos,Este,Diego,4,609.34,2437.36
2026-07-04,Monitor,Sur,Carlos,2,4322.06,8644.12
2026-07-04,Monitor,Sur,Carlos,3,4125.67,12377.01
2026-07-04,Monitor,Este,Luis,3,4009.27,12027.81
2026-07-05,Monitor,Este,Diego,2,4259.83,8519.66
2026-07-05,Monitor,Centro,Sofia,3,3994.75,11984.25
2026-07-05,Monitor,Centro,Sofia,2,4083.68,8167.36
2026-07-06,Laptop,Centro,Sofia,3,14430.03,43290.09
2026-07-06,Teclado,Centro,Sofia,2,847.9,1695.8
2026-07-06,Mouse,Centro,Sofia,6,427.08,2562.48
2026-07-06,Monitor,Centro,Sofia,3,4090.78,12272.34
2026-07-07,Impresora,Centro,Ana,1,3231.98,3231.98
2026-07-07,Laptop,Sur,Carlos,2,14888.9,29777.8
2026-07-07,Monitor,Sur,Carlos,2,4064.21,8128.42
2026-07-07,Audifonos,Norte,Jorge,2,615.26,1230.52
2026-07-07,Mouse,Sur,Paula,2,459.82,919.64
2026-07-07,Teclado,Sur,Paula,5,879.49,4397.45
2026-07-07,Monitor,Sur,Paula,3,3991.42,11974.26
2026-07-08,Laptop,Sur,Paula,3,14879.49,44638.47
2026-07-08,Monitor,Sur,Carlos,3,4336.88,13010.64
2026-07-08,Mouse,Centro,Ana,6,445.75,2674.5
2026-07-08,Audifonos,Norte,Maria,5,632.14,3160.7
2026-07-08,Laptop,Sur,Paula,3,15341.17,46023.51
2026-07-08,Mouse,Centro,Sofia,3,453.1,1359.3
2026-07-09,Laptop,Centro,Sofia,3,15429.58,46288.74
2026-07-09,Monitor,Sur,Carlos,2,4276.3,8552.6
2026-07-09,Audifonos,Norte,Jorge,4,587.38,2349.52
2026-07-09,Mouse,Este,Diego,3,435.74,1307.22
2026-07-09,Teclado,Norte,Maria,5,858.25,4291.25
2026-07-09,Monitor,Centro,Sofia,2,4159.65,8319.3
2026-07-09,Audifonos,Este,Luis,2,591.0,1182.0
2026-07-10,Monitor,Centro,Ana,3,4170.24,12510.72
2026-07-10,Laptop,Centro,Ana,3,15130.56,45391.68
2026-07-10,Monitor,Norte,Maria,1,4237.89,4237.89
2026-07-10,Audifonos,Norte,Maria,4,566.65,2266.6
2026-07-11,Audifonos,Norte,Jorge,1,594.53,594.53
2026-07-12,Teclado,Norte,Maria,3,861.79,2585.37
2026-07-12,Laptop,Centro,Sofia,2,14690.2,29380.4
2026-07-13,Audifonos,Centro,Ana,5,586.79,2933.95
2026-07-13,Monitor,Sur,Carlos,2,3812.8,7625.6
2026-07-13,Laptop,Este,Diego,3,14953.84,44861.52
2026-07-13,Impresora,Centro,Ana,1,3242.02,3242.02
2026-07-13,Mouse,Centro,Ana,4,443.56,1774.24
2026-07-13,Teclado,Sur,Carlos,3,882.85,2648.55
2026-07-13,Mouse,Este,Luis,5,426.96,2134.8
2026-07-14,Teclado,Centro,Sofia,3,823.02,2469.06
2026-07-14,Monitor,Centro,Sofia,3,4205.56,12616.68
2026-07-14,Teclado,Sur,Carlos,2,900.77,1801.54
2026-07-14,Laptop,Centro,Sofia,3,14868.28,44604.84
2026-07-14,Audifonos,Norte,Maria,2,593.53,1187.06
2026-07-15,Audifonos,Centro,Ana,4,581.95,2327.8
2026-07-15,Mouse,Norte,Maria,2,450.91,901.82
2026-07-15,Monitor,Sur,Carlos,2,4299.17,8598.34
2026-07-15,Teclado,Sur,Carlos,5,827.14,4135.7
2026-07-16,Teclado,Centro,Sofia,6,837.97,5027.82
2026-07-16,Impresora,Norte,Jorge,5,3198.18,15990.9
2026-07-16,Audifonos,Centro,Sofia,1,603.06,603.06
2026-07-16,Mouse,Norte,Maria,3,443.95,1331.85
2026-07-17,Mouse,Centro,Ana,3,441.24,1323.72
2026-07-17,Laptop,Sur,Carlos,2,15123.96,30247.92
2026-07-17,Monitor,Norte,Maria,1,4061.98,4061.98
2026-07-17,Monitor,Sur,Carlos,1,4517.61,4517.61
2026-07-17,Laptop,Centro,Sofia,3,14574.78,43724.34
2026-07-17,Mouse,Este,Diego,5,439.38,2196.9
2026-07-18,Mouse,Centro,Sofia,5,464.95,2324.75
2026-07-18,Teclado,Sur,Paula,5,859.21,4296.05
2026-07-19,Laptop,Norte,Jorge,3,14779.57,44338.71
2026-07-19,Monitor,Sur,Paula,3,4253.2,12759.6
2026-07-20,Monitor,Centro,Ana,3,4176.31,12528.93
2026-07-20,Laptop,Norte,Maria,3,14978.51,44935.53
2026-07-20,Laptop,Sur,Carlos,1,13991.68,13991.68
2026-07-20,Mouse,Sur,Paula,1,445.17,445.17
2026-07-20,Laptop,Norte,Maria,2,14977.12,29954.24
2026-07-20,Teclado,Sur,Carlos,4,878.29,3513.16
2026-07-20,Monitor,Centro,Ana,2,4240.93,8481.86
2026-07-21,Laptop,Sur,Carlos,2,13807.4,27614.8
2026-07-21,Teclado,Este,Diego,4,881.3,3525.2
2026-07-21,Laptop,Centro,Sofia,2,14554.86,29109.72
2026-07-21,Teclado,Norte,Jorge,4,828.32,3313.28
2026-07-21,Teclado,Norte,Jorge,4,834.47,3337.88
2026-07-21,Mouse,Norte,Jorge,4,452.42,1809.68
2026-07-21,Laptop,Centro,Sofia,2,15389.88,30779.76
2026-07-22,Monitor,Sur,Carlos,2,4151.28,8302.56
2026-07-22,Teclado,Centro,Ana,5,900.41,4502.05
2026-07-22,Teclado,Centro,Sofia,4,863.84,3455.36
2026-07-22,Mouse,Norte,Jorge,2,475.39,950.78
2026-07-22,Mouse,Norte,Jorge,4,459.9,1839.6
2026-07-22,Audifonos,Sur,Carlos,5,600.21,3001.05
2026-07-22,Impresora,Centro,Ana,1,3281.23,3281.23
2026-07-23,Audifonos,Norte,Maria,2,626.46,1252.92
2026-07-23,Audifonos,Centro,Sofia,3,595.58,1786.74
2026-07-23,Monitor,Sur,Paula,1,4062.97,4062.97
2026-07-23,Monitor,Este,Diego,2,4351.25,8702.5
2026-07-23,Laptop,Centro,Ana,2,14487.38,28974.76
2026-07-23,Teclado,Centro,Sofia,1,831.19,831.19
2026-07-24,Mouse,Sur,Carlos,5,465.92,2329.6
2026-07-24,Monitor,Sur,Carlos,2,4164.93,8329.86
2026-07-24,Monitor,Norte,Jorge,1,4272.88,4272.88
2026-07-24,Monitor,Sur,Carlos,1,3998.91,3998.91
2026-07-24,Monitor,Centro,Sofia,2,4086.67,8173.34
2026-07-24,Monitor,Este,Luis,2,4170.43,8340.86
2026-07-24,Laptop,Norte,Maria,1,14391.69,14391.69
2026-07-25,Mouse,Norte,Maria,2,448.78,897.56
2026-07-25,Mouse,Centro,Sofia,5,421.89,2109.45
2026-07-26,Mouse,Centro,Sofia,4,460.6,1842.4
2026-07-26,Laptop,Norte,Maria,2,15225.21,30450.42
2026-07-27,Monitor,Este,Diego,1,4193.53,4193.53
2026-07-27,Monitor,Norte,Maria,2,4034.3,8068.6
2026-07-27,Monitor,Este,Luis,1,4388.46,4388.46
2026-07-27,Teclado,Centro,Sofia,1,863.68,863.68
2026-07-27,Teclado,Centro,Sofia,5,867.84,4339.2
2026-07-28,Laptop,Este,Luis,1,15056.63,15056.63
2026-07-28,Impresora,Centro,Sofia,3,3182.9,9548.7
2026-07-28,Laptop,Centro,Sofia,2,14701.49,29402.98
2026-07-28,Monitor,Norte,Maria,2,4179.69,8359.38
2026-07-28,Teclado,Norte,Maria,3,871.53,2614.59
2026-07-28,Teclado,Centro,Sofia,5,878.64,4393.2
2026-07-29,Impresora,Centro,Ana,1,3214.23,3214.23
2026-07-29,Audifonos,Centro,Sofia,5,603.52,3017.6
2026-07-29,Audifonos,Centro,Ana,5,607.02,3035.1
2026-07-29,Audifonos,Norte,Maria,3,598.82,1796.46
2026-07-29,Laptop,Este,Diego,3,14845.53,44536.59
2026-07-30,Mouse,Centro,Sofia,1,440.6,440.6
2026-07-30,Laptop,Centro,Ana,1,15191.11,15191.11
2026-07-30,Monitor,Norte,Jorge,2,4410.98,8821.96
2026-07-30,Laptop,Norte,Maria,2,14464.24,28928.48
2026-07-30,Monitor,Este,Luis,1,4146.29,4146.29
2026-07-31,Teclado,Norte,Jorge,2,870.45,1740.9
2026-07-31,Laptop,Norte,Jorge,1,14877.26,14877.26
2026-07-31,Mouse,Centro,Sofia,6,455.66,2733.96
2026-07-31,Monitor,Norte,Maria,1,4014.62,4014.62
2026-07-31,Audifonos,Norte,Maria,4,566.05,2264.2
2026-07-31,Monitor,Este,Luis,2,4200.7,8401.4
2026-07-31,Mouse,Sur,Paula,2,468.53,937.06
2026-08-01,Laptop,Centro,Ana,1,15400.91,15400.91
2026-08-01,Laptop,Sur,Paula,2,15861.2,31722.4
2026-08-01,Mouse,Centro,Sofia,3,461.45,1384.35
2026-08-02,Monitor,Norte,Maria,2,4289.49,8578.98
2026-08-03,Teclado,Norte,Maria,1,857.77,857.77
2026-08-03,Teclado,Centro,Sofia,5,843.55,4217.75
2026-08-03,Laptop,Centro,Ana,1,14605.01,14605.01
2026-08-03,Teclado,Norte,Maria,1,829.18,829.18
2026-08-03,Audifonos,Este,Luis,3,596.62,1789.86
2026-08-03,Mouse,Norte,Maria,1,457.9,457.9
2026-08-04,Teclado,Centro,Sofia,3,861.76,2585.28
2026-08-04,Laptop,Este,Luis,1,14781.88,14781.88
2026-08-04,Teclado,Norte,Jorge,1,862.24,862.24
2026-08-04,Monitor,Centro,Ana,1,4020.75,4020.75
2026-08-04,Laptop,Norte,Maria,1,15005.87,15005.87
2026-08-05,Audifonos,Centro,Sofia,3,600.04,1800.12
2026-08-05,Audifonos,Centro,Sofia,5,624.38,3121.9
2026-08-05,Monitor,Sur,Paula,2,4121.36,8242.72
2026-08-05,Monitor,Norte,Maria,2,4111.97,8223.94
2026-08-05,Teclado,Centro,Sofia,3,868.52,2605.56
2026-08-05,Mouse,Este,Diego,5,447.45,2237.25
2026-08-05,Mouse,Centro,Ana,5,440.97,2204.85
2026-08-06,Mouse,Este,Luis,4,427.71,1710.84
2026-08-06,Laptop,Centro,Sofia,2,14901.17,29802.34
2026-08-06,Mouse,Norte,Maria,3,431.97,1295.91
2026-08-06,Teclado,Norte,Jorge,2,852.81,1705.62
2026-08-06,Mouse,Este,Diego,2,435.46,870.92
2026-08-06,Teclado,Norte,Maria,5,864.54,4322.7
2026-08-07,Mouse,Sur,Carlos,4,457.26,1829.04
2026-08-07,Audifonos,Centro,Sofia,2,616.66,1233.32
2026-08-07,Mouse,Sur,Paula,2,455.23,910.46
2026-08-07,Mouse,Este,Luis,5,428.58,2142.9
2026-08-08,Audifonos,Este,Luis,2,614.2,1228.4
2026-08-08,Audifonos,Centro,Ana,1,606.05,606.05
2026-08-09,Monitor,Norte,Maria,2,4332.87,8665.74
2026-08-09,Mouse,Norte,Maria,4,473.08,1892.32
2026-08-10,Mouse,Sur,Paula,3,455.17,1365.51
2026-08-10,Monitor,Sur,Paula,1,4012.58,4012.58
2026-08-10,Monitor,Centro,Ana,2,4075.93,8151.86
2026-08-10,Impresora,Centro,Ana,3,3127.7,9383.1
2026-08-10,Monitor,Sur,Carlos,1,3967.42,3967.42
2026-08-10,Monitor,Sur,Carlos,1,4103.54,4103.54
