ID_Transaccion,ID_Cliente,Region,Categoria,Unidades,Precio_Unitario,Ingresos,Total_Gastado,Fecha
33,1100,Oeste,Deportes,7.0,932.13,6524.91,11016.99,2025-07-05
3,1160,Centro,Deportes,6.0,574.55,3447.3,4234.14,2025-04-01
285,1055,Oeste,Ropa,7.0,179.83,1258.81,1581.52,2025-02-26
378,1187,Sur,Belleza,7.0,626.38,4384.66,5331.39,2025-10-15
303,1063,Sur,Belleza,9.0,89.42,804.78,847.5,2025-04-20
5,1075,Oeste,Belleza,,2229.03,,15929.03,2025-09-03
19,1058,Centro,Electronica,2.0,2376.27,4752.54,7371.2,2025-02-20
186,1194,Sur,Electronica,4.0,1516.16,6064.64,8766.72,2025-07-23
387,1006,Centro,Ropa,,1471.07,,2332.09,2025-06-16
110,1037,Norte,Hogar,4.0,1909.7,7638.8,8097.98,2025-09-10
107,1158,Sur,Electronica,9.0,1890.33,17012.97,29738.1,2025-06-01
340,1123,Centro,Electronica,9.0,2402.22,21619.98,34459.35,2025-06-15
229,1144,Este,Electronica,,1199.49,,1875.42,2025-03-19
395,1102,Sur,Electronica,9.0,1222.59,11003.31,13974.11,2025-10-14
256,1141,Norte,Deportes,2.0,993.02,1986.04,2122.5,2025-01-29
221,1182,Sur,Belleza,5.0,2380.2,11901.0,13321.77,2025-03-15
181,1039,Este,Electronica,,298.79,,1873.68,2025-02-22
98,1154,Oeste,Deportes,3.0,1759.14,5277.42,5848.32,2025-05-09
18,1092,Centro,Ropa,4.0,1845.38,7381.52,12523.39,2025-09-20
56,1189,Este,Belleza,2.0,974.36,1948.72,2774.39,2025-10-09
172,1027,Norte,Belleza,5.0,1992.39,9961.95,12518.88,2025-02-26
370,1086,Oeste,Hogar,9.0,1096.79,9871.11,10641.41,2025-02-26
173,1114,Oeste,Hogar,9.0,1591.92,14327.28,23015.76,2025-06-12
133,1025,Este,Hogar,5.0,1258.82,6294.1,6436.56,2025-02-14
99,1029,Oeste,Ropa,4.0,2131.35,8525.4,9323.02,2025-03-12
212,1060,Este,Deportes,7.0,2314.39,16200.73,24110.44,2025-09-17
150,1104,Oeste,Hogar,2.0,1818.41,3636.82,4949.61,2025-01-22
352,1087,Norte,Hogar,9.0,1604.97,14444.73,17103.75,2025-04-03
314,1187,Sur,Deportes,5.0,2290.23,11451.15,15783.23,2025-04-17
193,1176,Este,Hogar,11.0,971.12,10682.32,11694.88,2025-07-29
198,1086,Centro,Belleza,9.0,2364.83,21283.47,21300.33,2025-10-09
343,1124,Este,Electronica,4.0,1462.34,5849.36,7319.44,2025-10-12
304,1031,Este,Hogar,11.0,1157.52,12732.72,15190.58,2025-01-30
359,1024,Norte,Belleza,6.0,1814.23,10885.38,14192.09,2025-02-17
398,1084,Centro,Ropa,5.0,906.14,4530.7,5499.54,2025-07-19
48,1185,Sur,Hogar,8.0,1285.16,10281.28,17625.45,2025-07-22
81,1090,Oeste,Belleza,4.0,1235.91,4943.64,5341.2,2025-08-29
58,1078,Centro,Electronica,6.0,247.32,1483.92,2166.87,2025-04-01
190,1130,Centro,Hogar,5.0,2171.14,10855.7,14830.93,2025-09-18
375,1180,Sur,Belleza,10.0,1034.51,10345.1,15454.31,2025-04-08
24,1064,Centro,Electronica,3.0,865.64,2596.92,3570.05,2025-10-17
16,1113,Centro,Hogar,6.0,184.48,1106.88,1135.35,2025-10-03
389,1187,Sur,Belleza,2.0,1566.56,3133.12,3173.87,2025-02-23
194,1126,Oeste,Deportes,,201.92,,710.82,2025-01-02
201,1040,Este,Electronica,7.0,335.92,2351.44,3385.46,2025-09-02
355,1169,Norte,Ropa,8.0,1203.85,9630.8,14390.62,2025-02-28
346,1069,Centro,Ropa,11.0,909.1,10000.1,16877.61,2025-01-12
32,1033,Este,Ropa,6.0,517.31,3103.86,3450.25,2025-04-28
224,1011,Oeste,Electronica,1.0,209.05,209.05,317.55,2025-07-29
40,1112,Centro,Electronica,2.0,242.09,484.18,796.94,2025-02-28
104,1193,Oeste,Belleza,,1924.65,,32889.55,2025-01-13
166,1092,Este,Deportes,10.0,1058.35,10583.5,11127.14,2025-06-30
233,1174,Sur,Electronica,4.0,643.21,2572.84,3511.92,2025-06-19
123,1048,Sur,Electronica,8.0,2029.97,16239.76,17786.1,2025-01-22
163,1027,Norte,Hogar,10.0,1244.93,12449.3,14535.08,2025-01-17
106,1192,Centro,Deportes,6.0,188.61,1131.66,1619.78,2025-08-05
100,1099,Sur,Deportes,9.0,654.84,5893.56,6380.71,2025-09-28
128,1121,Centro,Belleza,11.0,2335.31,25688.41,29094.75,2025-07-11
73,1067,Sur,Electronica,,1111.51,,20854.47,2025-09-01
323,1186,Centro,Ropa,6.0,156.43,938.58,1002.01,2025-08-25
243,1057,Centro,Ropa,,2287.54,,7191.98,2025-08-11
277,1087,Oeste,Ropa,4.0,1202.2,4808.8,5762.66,2025-09-08
96,1032,Este,Hogar,1.0,1537.13,1537.13,2169.26,2025-10-11
299,1167,Norte,Deportes,7.0,142.96,1000.72,1491.96,2025-03-13
250,1192,Norte,Hogar,8.0,1626.89,13015.12,15177.06,2025-01-02
43,1106,Este,Electronica,10.0,715.81,7158.1,8119.79,2025-07-31
139,1044,Norte,Hogar,2.0,379.7,759.4,934.25,2025-02-19
90,1074,Centro,Ropa,4.0,871.09,3484.36,5712.99,2025-06-12
14,1090,Centro,Belleza,8.0,175.65,1405.2,1591.66,2025-06-14
266,1025,Centro,Hogar,11.0,498.48,5483.28,8985.34,2025-02-13
37,1172,Norte,Belleza,8.0,1281.02,10248.16,10347.7,2025-10-09
72,1005,Sur,Deportes,1.0,1406.82,1406.82,1497.74,2025-07-21
70,1112,Centro,Deportes,3.0,2145.79,6437.37,10165.96,2025-02-17
91,1170,Centro,Hogar,4.0,819.26,3277.04,5603.54,2025-03-17
296,1089,Centro,Hogar,8.0,2158.7,17269.6,27078.75,2025-05-26
183,1044,Oeste,Electronica,1.0,616.61,616.61,821.25,2025-06-17
151,1101,Centro,Deportes,9.0,1498.55,13486.95,18480.35,2025-09-13
22,1110,Centro,Hogar,7.0,1256.23,8793.61,14508.03,2025-09-13
232,1183,Oeste,Ropa,6.0,314.14,1884.84,2900.41,2025-01-29
75,1030,Oeste,Belleza,9.0,1263.13,11368.17,19277.55,2025-10-27
156,1032,Oeste,Deportes,1.0,1687.71,1687.71,2052.89,2025-04-04
167,1192,Oeste,Deportes,3.0,1490.81,4472.43,7218.53,2025-01-20
82,1001,Oeste,Hogar,4.0,2224.93,8899.72,11147.89,2025-04-10
367,1034,Centro,Electronica,1.0,1688.28,1688.28,2929.05,2025-01-20
247,1102,Norte,Ropa,2.0,2086.39,4172.78,5391.85,2025-09-12
140,1167,Centro,Electronica,1.0,559.11,559.11,862.88,2025-06-29
320,1009,Centro,Deportes,1.0,1695.1,1695.1,2500.74,2025-06-18
236,1079,Centro,Hogar,8.0,628.61,5028.88,8466.19,2025-10-07
45,1105,Sur,Hogar,3.0,585.68,1757.04,2860.05,2025-03-29
125,1127,Oeste,Electronica,9.0,1425.22,12826.98,16200.78,2025-03-23
392,1198,Oeste,Electronica,3.0,1221.95,3665.85,5787.82,2025-06-10
283,1172,Norte,Hogar,,1541.55,,7434.71,2025-03-28
226,1166,Centro,Hogar,7.0,2347.69,16433.83,17191.11,2025-07-14
270,1109,Norte,Ropa,2.0,1288.26,2576.52,4177.44,2025-04-17
54,1010,Centro,Belleza,4.0,1749.22,6996.88,9571.94,2025-02-26
335,1159,Este,Deportes,3.0,557.91,1673.73,2943.28,2025-04-01
168,1104,Este,Electronica,3.0,1496.16,4488.48,5840.3,2025-07-27
377,1143,Sur,Deportes,7.0,336.38,2354.66,2760.74,2025-10-09
161,1158,Centro,Deportes,11.0,569.82,6268.02,8465.53,2025-10-11
26,1069,Centro,Ropa,10.0,1123.39,11233.9,13300.47,2025-05-20
301,1017,Sur,Deportes,5.0,265.71,1328.55,1434.31,2025-02-09
63,1195,Centro,Ropa,5.0,1831.46,9157.3,11798.74,2025-06-28
219,1152,Oeste,Deportes,4.0,161.98,647.92,846.94,2025-07-02
365,1037,Sur,Hogar,5.0,1845.17,9225.85,12628.2,2025-09-10
328,1113,Norte,Electronica,3.0,929.96,2789.88,4465.67,2025-06-16
217,1062,Oeste,Hogar,11.0,2063.07,22693.77,34005.64,2025-03-29
111,1186,Oeste,Deportes,1.0,949.27,949.27,1511.11,2025-06-18
160,1075,Norte,Hogar,3.0,468.14,1404.42,1890.91,2025-10-17
337,1101,Centro,Electronica,8.0,2071.82,16574.56,20899.36,2025-02-06
379,1152,Centro,Electronica,11.0,2114.48,23259.28,34382.41,2025-04-04
21,1070,Sur,Belleza,1.0,1221.37,1221.37,1600.35,2025-02-23
353,1124,Norte,Electronica,4.0,1340.76,5363.04,9590.68,2025-03-24
180,1189,Centro,Belleza,3.0,1723.3,5169.9,7342.43,2025-07-21
10,1078,Este,Electronica,4.0,1793.81,7175.24,9364.02,2025-03-03
263,1072,Este,Ropa,3.0,1356.66,4069.98,4993.38,2025-10-20
55,1131,Este,Deportes,6.0,2181.13,13086.78,14987.22,2025-01-08
195,1071,Este,Electronica,,426.08,,4157.37,2025-01-12
295,1144,Este,Ropa,2.0,1766.07,3532.14,5379.89,2025-04-14
69,1182,Norte,Belleza,7.0,216.22,1513.54,1786.34,2025-02-15
341,1130,Centro,Electronica,1.0,632.57,632.57,872.56,2025-05-05
190,1130,Centro,Hogar,5.0,2171.14,10855.7,14830.93,2025-09-18
61,1184,Sur,Hogar,,1841.47,,18893.19,2025-04-23
35,1193,Norte,Electronica,,502.38,,7750.7,2025-02-17
237,1158,Centro,Ropa,5.0,1407.65,7038.25,7232.34,2025-06-11
189,1116,Sur,Deportes,7.0,1159.93,8119.51,12156.26,2025-02-08
223,1056,Centro,Ropa,3.0,750.82,2252.46,2935.63,2025-05-26
89,1197,Centro,Electronica,11.0,1198.59,13184.49,14890.91,2025-03-24
282,1091,Norte,Electronica,5.0,1330.11,6650.55,9801.2,2025-08-16
318,1047,Centro,Ropa,,2380.61,,10269.61,2025-09-27
269,1060,Centro,Ropa,10.0,1394.81,13948.1,15661.8,2025-03-18
102,1107,Sur,Deportes,11.0,100.85,1109.35,1421.22,2025-01-30
384,1099,Oeste,Belleza,10.0,2030.08,20300.8,27544.64,2025-08-01
97,1086,Oeste,Hogar,3.0,403.76,1211.28,1462.98,2025-02-07
339,1172,Oeste,Electronica,11.0,2203.49,24238.39,31863.79,2025-06-03
334,1125,Centro,Electronica,5.0,1276.11,6380.55,9999.31,2025-09-21
255,1025,Oeste,Electronica,8.0,1971.15,15769.2,19826.1,2025-10-22
312,1103,Centro,Electronica,4.0,381.07,1524.28,2193.69,2025-03-27
396,1095,Sur,Electronica,8.0,2059.16,16473.28,24524.87,2025-02-01
324,1012,Centro,Belleza,3.0,428.86,1286.58,2083.66,2025-03-31
179,1102,Norte,Belleza,6.0,2192.63,13155.78,17517.47,2025-07-17
265,1125,Este,Deportes,9.0,2427.24,21845.16,27514.51,2025-07-22
117,1023,Este,Belleza,6.0,379.9,2279.4,3518.45,2025-01-05
305,1172,Sur,Deportes,10.0,889.15,8891.5,9323.32,2025-06-04
274,1179,Centro,Deportes,11.0,1756.51,19321.61,24521.15,2025-03-26
31,1061,Centro,Belleza,7.0,1010.93,7076.51,8489.95,2025-04-07
325,1029,Norte,Belleza,8.0,1566.36,12530.88,18445.31,2025-02-09
311,1076,Norte,Ropa,10.0,1659.21,16592.1,20700.88,2025-03-14
38,1042,Norte,Hogar,9.0,2304.57,20741.13,29974.85,2025-10-13
71,1016,Sur,Electronica,3.0,647.98,1943.94,3246.2,2025-08-17
39,1156,Sur,Belleza,,158.87,,895.92,2025-03-08
317,1008,Centro,Belleza,6.0,2360.86,14165.16,25262.07,2025-07-17
124,1112,Sur,Electronica,9.0,678.39,6105.51,7301.04,2025-01-20
400,1013,Centro,Ropa,3.0,2145.83,6437.49,7024.11,2025-01-11
310,1043,Sur,Belleza,2.0,2241.38,4482.76,7430.2,2025-10-14
144,1060,Este,Belleza,9.0,1836.2,16525.8,26296.84,2025-02-07
309,1163,Este,Belleza,6.0,1937.74,11626.44,18982.4,2025-05-15
362,1036,Oeste,Hogar,6.0,2168.28,13009.68,17665.94,2025-01-22
332,1107,Sur,Hogar,7.0,1950.41,13652.87,21278.71,2025-08-29
218,1187,Este,Electronica,2.0,1286.61,2573.22,3437.99,2025-02-28
52,1133,Este,Electronica,,415.36,,5790.13,2025-07-13
230,1106,Sur,Ropa,1.0,1095.83,1095.83,1226.61,2025-06-16
176,1068,Este,Hogar,6.0,324.89,1949.34,2622.53,2025-07-01
333,1132,Este,Hogar,4.0,736.15,2944.6,3600.91,2025-07-03
84,1157,Centro,Ropa,3.0,1738.22,5214.66,9156.13,2025-05-17
260,1195,Sur,Ropa,6.0,1137.51,6825.06,8039.82,2025-07-30
146,1174,Norte,Belleza,7.0,1754.27,12279.89,14441.09,2025-02-25
182,1080,Norte,Deportes,6.0,1513.31,9079.86,9837.12,2025-08-02
157,1125,Sur,Belleza,8.0,1137.85,9102.8,11809.69,2025-08-21
238,1089,Este,Belleza,2.0,600.62,1201.24,1882.45,2025-08-17
257,1108,Centro,Electronica,8.0,110.0,880.0,1052.22,2025-07-08
153,1086,Oeste,Electronica,11.0,1767.4,19441.4,30077.32,2025-08-23
208,1008,Sur,Belleza,2.0,1552.96,3105.92,3421.13,2025-01-25
79,1040,Oeste,Hogar,10.0,2090.3,20903.0,31819.17,2025-10-03
141,1013,Este,Belleza,8.0,1932.08,15456.64,16125.04,2025-04-01
306,1041,Centro,Electronica,9.0,481.7,4335.3,6238.97,2025-02-19
281,1091,Norte,Hogar,9.0,1887.09,16983.81,18352.86,2025-01-11
253,1134,Oeste,Ropa,6.0,2398.58,14391.48,22068.85,2025-03-05
373,1153,Este,Belleza,1.0,1175.95,1175.95,1754.15,2025-04-14
196,1085,Centro,Ropa,11.0,547.12,6018.32,7950.47,2025-06-02
105,1015,Sur,Ropa,1.0,2468.99,2468.99,3825.65,2025-03-24
78,1099,Oeste,Hogar,4.0,443.31,1773.24,2518.13,2025-02-18
380,1037,Oeste,Hogar,7.0,1039.66,7277.62,9850.41,2025-06-28
391,1055,Oeste,Ropa,,1044.72,,13812.13,2025-05-05
101,1042,Centro,Deportes,7.0,444.45,3111.15,4698.56,2025-06-11
354,1189,Norte,Electronica,1.0,1117.19,1117.19,1748.27,2025-06-19
268,1159,Centro,Hogar,1.0,791.38,791.38,1345.53,2025-08-13
200,1007,Este,Ropa,11.0,648.31,7131.41,7665.22,2025-03-19
374,1144,Oeste,Ropa,8.0,2323.22,18585.76,25953.67,2025-10-13
134,1083,Norte,Electronica,9.0,339.63,3056.67,4422.82,2025-09-15
327,1029,Centro,Deportes,3.0,1691.85,5075.55,5398.38,2025-09-22
351,1081,Centro,Ropa,11.0,2228.38,24512.18,29490.92,2025-08-31
299,1167,Norte,Deportes,7.0,142.96,1000.72,1491.96,2025-03-13
135,1025,Norte,Ropa,1.0,652.82,652.82,800.38,2025-03-30
273,1193,Sur,Deportes,8.0,770.24,6161.92,8714.82,2025-09-03
95,1134,Este,Ropa,,2190.49,,23289.6,2025-08-08
132,1073,Sur,Belleza,11.0,1380.6,15186.6,15671.92,2025-08-02
234,1113,Este,Belleza,3.0,2104.67,6314.01,7096.87,2025-02-16
258,1166,Este,Electronica,11.0,1313.56,14449.16,14578.47,2025-04-16
6,1185,Centro,Ropa,8.0,1929.39,15435.12,23725.68,2025-08-17
336,1040,Centro,Ropa,4.0,2163.34,8653.36,9287.2,2025-05-22
369,1032,Sur,Deportes,8.0,2483.3,19866.4,33956.57,2025-05-30
27,1014,Norte,Electronica,5.0,1527.57,7637.85,8678.99,2025-09-28
372,1045,Este,Belleza,6.0,1881.88,11291.28,18362.68,2025-08-18
92,1113,Este,Deportes,4.0,687.06,2748.24,2855.7,2025-02-08
116,1074,Norte,Electronica,10.0,538.57,5385.7,6907.87,2025-04-23
76,1170,Centro,Belleza,3.0,1291.6,3874.8,6039.82,2025-03-23
289,1022,Centro,Deportes,6.0,118.24,709.44,975.7,2025-10-22
197,1026,Oeste,Belleza,1.0,983.59,983.59,1399.88,2025-07-07
290,1017,Este,Belleza,8.0,1429.35,11434.8,17388.33,2025-07-23
397,1184,Centro,Hogar,6.0,1884.47,11306.82,16813.76,2025-07-10
119,1077,Oeste,Hogar,2.0,1523.4,3046.8,5479.92,2025-06-28
78,1099,Oeste,Hogar,4.0,443.31,1773.24,2518.13,2025-02-18
382,1021,Centro,Ropa,9.0,675.27,6077.43,10369.6,2025-07-12
207,1132,Centro,Hogar,7.0,348.19,2437.33,2648.52,2025-10-25
74,1148,Este,Hogar,2.0,2005.17,4010.34,6568.99,2025-03-23
9,1146,Norte,Hogar,6.0,2432.41,14594.46,25670.45,2025-10-06
46,1165,Centro,Deportes,7.0,559.44,3916.08,4344.23,2025-07-12
213,1104,Centro,Deportes,4.0,2218.47,8873.88,15878.55,2025-02-13
7,1160,Oeste,Hogar,5.0,563.5,2817.5,3392.55,2025-06-11
28,1075,Este,Electronica,4.0,2253.45,9013.8,13649.08,2025-01-15
4,1126,Norte,Deportes,2.0,306.47,612.94,975.39,2025-08-23
278,1140,Oeste,Deportes,4.0,155.01,620.04,1073.42,2025-03-24
272,1108,Este,Electronica,11.0,2379.0,26169.0,45290.82,2025-01-04
149,1188,Centro,Electronica,4.0,2084.24,8336.96,9817.3,2025-01-14
42,1151,Este,Belleza,9.0,274.27,2468.43,3278.75,2025-10-15
342,1172,Centro,Hogar,5.0,2335.01,11675.05,17005.7,2025-03-23
17,1076,Sur,Electronica,8.0,91.75,734.0,964.95,2025-04-28
158,1133,Este,Deportes,5.0,1909.81,9549.05,9897.88,2025-10-22
164,1008,Centro,Electronica,5.0,1463.2,7316.0,10756.4,2025-08-03
8,1186,Centro,Ropa,3.0,787.39,2362.17,3328.1,2025-04-05
80,1093,Centro,Ropa,1.0,205.23,205.23,356.13,2025-04-10
147,1013,Norte,Ropa,6.0,1608.54,9651.24,15924.67,2025-05-25
165,1116,Sur,Deportes,1.0,198.76,198.76,235.74,2025-01-24
152,1092,Centro,Electronica,4.0,860.36,3441.44,5716.67,2025-01-18
26,1069,Centro,Ropa,10.0,1123.39,11233.9,13300.47,2025-05-20
179,1102,Norte,Belleza,6.0,2192.63,13155.78,17517.47,2025-07-17
345,1025,Centro,Hogar,3.0,1436.1,4308.3,5228.32,2025-07-22
259,1025,Sur,Hogar,9.0,1307.4,11766.6,21053.99,2025-02-22
143,1141,Sur,Deportes,9.0,2258.67,20328.03,36277.52,2025-08-31
175,1098,Sur,Deportes,9.0,1547.0,13923.0,21284.01,2025-08-29
288,1078,Este,Ropa,3.0,2489.24,7467.72,8562.89,2025-08-31
77,1047,Centro,Belleza,4.0,2473.6,9894.4,15230.67,2025-07-15
184,1161,Oeste,Ropa,2.0,1856.32,3712.64,4080.51,2025-10-23
330,1182,Centro,Hogar,3.0,2062.61,6187.83,10590.11,2025-04-14
178,1019,Norte,Ropa,5.0,1356.31,6781.55,9265.75,2025-10-23
280,1096,Norte,Electronica,5.0,1721.51,8607.55,15285.59,2025-09-01
51,1020,Centro,Ropa,8.0,2080.76,16646.08,24037.5,2025-08-02
94,1054,Sur,Electronica,1.0,442.86,442.86,568.53,2025-07-26
169,1186,Sur,Deportes,,1670.75,,21789.73,2025-03-11
245,1158,Sur,Electronica,3.0,2290.51,6871.53,10631.63,2025-06-07
202,1106,Sur,Belleza,10.0,898.7,8987.0,11352.92,2025-05-28
83,1113,Este,Deportes,4.0,1689.82,6759.28,7151.07,2025-08-26
93,1011,Norte,Ropa,4.0,963.41,3853.64,6178.43,2025-07-07
159,1022,Este,Hogar,6.0,2494.36,14966.16,24388.15,2025-02-06
86,1066,Norte,Ropa,5.0,1092.95,5464.75,8417.22,2025-02-27
192,1174,Norte,Belleza,10.0,1337.8,13378.0,16048.76,2025-04-20
154,1138,Centro,Belleza,5.0,2395.87,11979.35,18143.13,2025-10-02
155,1115,Centro,Electronica,10.0,1501.8,15018.0,22825.29,2025-05-20
131,1186,Este,Deportes,11.0,1088.93,11978.23,18623.8,2025-01-21
284,1077,Norte,Ropa,3.0,1038.48,3115.44,4468.64,2025-07-28
271,1077,Oeste,Hogar,7.0,1637.85,11464.95,12821.91,2025-07-03
11,1154,Centro,Hogar,5.0,1557.46,7787.3,13243.01,2025-05-20
87,1176,Centro,Deportes,5.0,967.13,4835.65,8089.54,2025-07-25
36,1077,Oeste,Electronica,,1929.06,,10374.67,2025-02-20
214,1180,Centro,Belleza,3.0,1343.58,4030.74,4315.92,2025-02-12
29,1106,Norte,Ropa,9.0,2487.92,22391.28,39802.64,2025-03-21
394,1097,Este,Ropa,10.0,1292.38,12923.8,22299.32,2025-04-08
95,1134,Este,Ropa,,2190.49,,23289.6,2025-08-08
108,1171,Norte,Electronica,6.0,253.91,1523.46,1993.19,2025-08-17
199,1072,Este,Deportes,6.0,1302.47,7814.82,8826.8,2025-08-16
305,1172,Sur,Deportes,10.0,889.15,8891.5,9323.32,2025-06-04
294,1155,Centro,Hogar,1.0,1580.2,1580.2,2616.21,2025-07-14
30,1018,Norte,Deportes,1.0,270.56,270.56,324.08,2025-01-26
12,1065,Este,Electronica,,824.46,,5901.67,2025-05-17
143,1141,Sur,Deportes,9.0,2258.67,20328.03,36277.52,2025-08-31
300,1122,Este,Hogar,8.0,2103.6,16828.8,20574.45,2025-02-03
308,1195,Norte,Deportes,10.0,1053.74,10537.4,15683.08,2025-02-09
68,1136,Sur,Ropa,11.0,137.49,1512.39,1552.24,2025-07-09
315,1174,Centro,Ropa,10.0,294.74,2947.4,4492.11,2025-08-04
33,1100,Oeste,Deportes,7.0,932.13,6524.91,11016.99,2025-07-05
264,1188,Centro,Hogar,6.0,988.17,5929.02,7913.0,2025-06-27
20,1131,Oeste,Deportes,10.0,1910.74,19107.4,27250.83,2025-10-02
287,1038,Norte,Ropa,,1665.09,,24294.93,2025-08-25
122,1096,Este,Hogar,9.0,2239.95,20159.55,29769.33,2025-10-26
302,1007,Norte,Ropa,2.0,551.0,1102.0,1636.47,2025-06-05
137,1176,Oeste,Hogar,4.0,243.05,972.2,1310.22,2025-04-12
293,1113,Centro,Belleza,7.0,1399.4,9795.8,13758.98,2025-03-30
203,1073,Norte,Deportes,2.0,2054.07,4108.14,5910.46,2025-09-05
85,1187,Norte,Deportes,11.0,717.23,7889.53,10699.88,2025-01-19
316,1195,Sur,Deportes,6.0,1064.59,6387.54,7461.09,2025-04-07
114,1175,Centro,Ropa,9.0,2478.81,22309.29,32654.82,2025-08-22
388,1101,Este,Hogar,1.0,1210.8,1210.8,1645.19,2025-09-03
44,1051,Norte,Electronica,11.0,2466.19,27128.09,43205.61,2025-08-17
321,1071,Norte,Hogar,6.0,1185.32,7111.92,8505.03,2025-08-02
347,1022,Oeste,Electronica,4.0,778.3,3113.2,4613.56,2025-03-24
358,1154,Este,Belleza,8.0,560.09,4480.72,6758.87,2025-01-24
326,1039,Centro,Belleza,5.0,642.78,3213.9,3498.65,2025-02-04
227,1187,Oeste,Deportes,2.0,1368.45,2736.9,4757.53,2025-08-16
292,1015,Oeste,Ropa,1.0,2080.8,2080.8,3629.9,2025-02-28
366,1130,Centro,Hogar,7.0,2012.97,14090.79,21333.75,2025-04-12
112,1118,Centro,Deportes,9.0,106.46,958.14,1715.8,2025-01-18
34,1144,Sur,Electronica,2.0,775.68,1551.36,1832.34,2025-03-19
174,1037,Centro,Hogar,4.0,1380.77,5523.08,9674.43,2025-01-23
1,1087,Centro,Hogar,8.0,900.44,7203.52,8088.07,2025-03-16
136,1023,Centro,Belleza,2.0,1356.88,2713.76,4009.26,2025-02-25
371,1161,Centro,Belleza,1.0,2049.68,2049.68,3112.97,2025-10-21
360,1108,Centro,Ropa,11.0,1919.16,21110.76,36720.57,2025-07-28
226,1166,Centro,Hogar,7.0,2347.69,16433.83,17191.11,2025-07-14
357,1065,Este,Deportes,11.0,2071.5,22786.5,26146.32,2025-01-02
191,1198,Este,Hogar,6.0,1830.44,10982.64,11160.66,2025-08-10
386,1103,Norte,Ropa,10.0,249.68,2496.8,2860.22,2025-07-31
286,1072,Norte,Hogar,10.0,321.88,3218.8,3948.74,2025-02-11
322,1030,Centro,Deportes,5.0,1903.37,9516.85,15194.03,2025-10-03
244,1062,Norte,Deportes,3.0,445.4,1336.2,1966.66,2025-07-14
267,1184,Centro,Hogar,11.0,853.59,9389.49,16583.29,2025-09-13
390,1087,Centro,Belleza,7.0,1162.41,8136.87,14412.11,2025-05-26
49,1036,Sur,Deportes,5.0,1484.66,7423.3,7439.38,2025-06-23
205,1095,Centro,Hogar,11.0,1949.46,21444.06,21859.72,2025-01-08
103,1048,Centro,Hogar,4.0,194.35,777.4,912.13,2025-07-27
67,1187,Sur,Belleza,1.0,295.21,295.21,412.59,2025-05-23
298,1186,Centro,Electronica,4.0,2321.36,9285.44,15785.99,2025-05-12
227,1187,Oeste,Deportes,2.0,1368.45,2736.9,4757.53,2025-08-16
350,1045,Oeste,Belleza,11.0,1281.69,14098.59,14825.6,2025-01-31
254,1173,Este,Electronica,2.0,1497.16,2994.32,4124.48,2025-02-02
216,1009,Este,Electronica,,592.41,,7580.07,2025-03-28
338,1160,Centro,Belleza,6.0,2263.2,13579.2,16128.53,2025-10-19
364,1064,Centro,Electronica,2.0,2213.51,4427.02,7881.53,2025-05-24
162,1123,Norte,Hogar,,1385.44,,8286.91,2025-02-12
88,1175,Centro,Electronica,5.0,1341.89,6709.45,12028.7,2025-02-27
65,1123,Sur,Deportes,4.0,2167.37,8669.48,10100.1,2025-01-02
211,1109,Sur,Electronica,4.0,203.28,813.12,1214.91,2025-02-13
158,1133,Este,Deportes,5.0,1909.81,9549.05,9897.88,2025-10-22
204,1198,Sur,Ropa,2.0,1007.69,2015.38,2373.03,2025-02-22
15,1193,Oeste,Belleza,,1842.93,,18308.33,2025-08-28
113,1192,Este,Deportes,1.0,1520.36,1520.36,2550.07,2025-01-22
393,1019,Oeste,Deportes,2.0,1488.44,2976.88,5046.63,2025-02-12
344,1189,Norte,Belleza,7.0,1102.44,7717.08,8589.35,2025-05-27
363,1123,Norte,Electronica,1.0,784.34,784.34,1254.64,2025-01-05
368,1134,Este,Belleza,2.0,2128.15,4256.3,5103.05,2025-03-10
225,1000,Norte,Hogar,4.0,2355.65,9422.6,16718.76,2025-03-06
210,1141,Oeste,Ropa,10.0,1053.17,10531.7,18799.31,2025-08-07
177,1037,Sur,Hogar,1.0,741.04,741.04,1184.35,2025-03-31
307,1056,Oeste,Electronica,5.0,1171.64,5858.2,6609.63,2025-01-05
171,1089,Sur,Electronica,11.0,1632.54,17957.94,29667.16,2025-01-20
170,1042,Sur,Deportes,10.0,1822.92,18229.2,24519.27,2025-01-29
148,1004,Centro,Belleza,10.0,1912.79,19127.9,30395.83,2025-04-10
62,1115,Norte,Belleza,2.0,777.11,1554.22,2505.17,2025-08-02
231,1013,Oeste,Hogar,6.0,369.07,2214.42,3159.34,2025-06-23
47,1194,Norte,Ropa,2.0,1468.21,2936.42,3860.7,2025-01-18
241,1034,Este,Belleza,,970.79,,3287.59,2025-09-01
115,1115,Norte,Electronica,9.0,703.43,6330.87,9505.25,2025-01-12
248,1057,Sur,Belleza,7.0,1607.71,11253.97,17531.73,2025-05-06
376,1033,Sur,Hogar,10.0,1448.43,14484.3,16241.69,2025-02-12
109,1170,Norte,Belleza,11.0,1512.96,16642.56,27771.28,2025-06-21
220,1167,Oeste,Deportes,7.0,1732.9,12130.3,21167.31,2025-01-09
291,1144,Centro,Electronica,7.0,1897.44,13282.08,14644.1,2025-05-20
2,1086,Sur,Hogar,8.0,1783.14,14265.12,20914.75,2025-07-17
329,1072,Sur,Ropa,8.0,2225.68,17805.44,21978.12,2025-03-30
41,1151,Oeste,Electronica,4.0,1055.92,4223.68,5424.16,2025-01-17
25,1194,Este,Belleza,1.0,1342.55,1342.55,2301.11,2025-02-08
262,1168,Oeste,Electronica,10.0,684.58,6845.8,7769.41,2025-08-26
240,1012,Sur,Hogar,11.0,1443.23,15875.53,15970.57,2025-10-04
145,1146,Sur,Electronica,9.0,246.06,2214.54,3038.73,2025-04-29
331,1052,Este,Belleza,4.0,1272.67,5090.68,8194.26,2025-03-26
129,1182,Sur,Hogar,6.0,1730.19,10381.14,10754.56,2025-01-11
187,1049,Norte,Ropa,7.0,1511.1,10577.7,18453.53,2025-04-13
53,1198,Norte,Hogar,,1116.71,,8158.48,2025-05-12
356,1075,Centro,Electronica,5.0,586.45,2932.25,2943.94,2025-01-13
246,1037,Oeste,Electronica,4.0,2264.03,9056.12,13317.18,2025-10-06
261,1123,Norte,Hogar,4.0,902.12,3608.48,5960.85,2025-10-19
357,1065,Este,Deportes,11.0,2071.5,22786.5,26146.32,2025-01-02
279,1152,Sur,Deportes,8.0,1574.76,12598.08,20633.26,2025-06-11
64,1000,Sur,Hogar,7.0,240.68,1684.76,2739.77,2025-07-16
183,1044,Oeste,Electronica,1.0,616.61,616.61,821.25,2025-06-17
399,1194,Centro,Hogar,1.0,2017.4,2017.4,2375.61,2025-05-23
206,1191,Centro,Deportes,6.0,2022.55,12135.3,21274.32,2025-01-18
59,1020,Este,Hogar,10.0,492.17,4921.7,5288.3,2025-07-24
142,1056,Norte,Deportes,9.0,314.58,2831.22,4996.22,2025-04-17
361,1084,Norte,Deportes,9.0,1471.18,13240.62,21340.96,2025-03-31
50,1119,Norte,Hogar,8.0,991.7,7933.6,9829.79,2025-04-10
313,1132,Oeste,Belleza,11.0,794.85,8743.35,12681.43,2025-03-14
209,1040,Este,Electronica,3.0,2401.01,7203.03,8047.49,2025-10-09
138,1158,Norte,Belleza,,2334.14,,32466.02,2025-01-01
120,1162,Norte,Hogar,5.0,1997.3,9986.5,13920.88,2025-02-21
276,1194,Oeste,Ropa,4.0,714.98,2859.92,2886.94,2025-04-10
228,1031,Sur,Deportes,9.0,1634.41,14709.69,21391.55,2025-04-27
130,1084,Este,Ropa,2.0,2438.51,4877.02,8284.07,2025-08-09
185,1082,Este,Belleza,9.0,2082.41,18741.69,24895.58,2025-05-24
215,1077,Norte,Hogar,2.0,1416.45,2832.9,5041.43,2025-06-22
275,1043,Norte,Ropa,4.0,140.6,562.4,633.05,2025-01-23
13,1054,Centro,Hogar,,803.88,,5466.0,2025-08-12
121,1101,Centro,Electronica,2.0,1902.44,3804.88,3991.48,2025-05-20
381,1164,Oeste,Electronica,5.0,1033.68,5168.4,6179.24,2025-02-21
235,1141,Sur,Deportes,1.0,432.91,432.91,517.46,2025-06-20
319,1112,Centro,Deportes,10.0,1075.11,10751.1,17883.13,2025-10-11
188,1016,Oeste,Ropa,7.0,899.39,6295.73,6478.17,2025-01-13
239,1197,Norte,Electronica,5.0,474.96,2374.8,4273.48,2025-04-03
385,1106,Oeste,Belleza,6.0,2246.3,13477.8,17895.3,2025-06-20
222,1023,Centro,Ropa,8.0,2086.54,16692.32,30007.04,2025-06-16
348,1018,Centro,Hogar,6.0,663.98,3983.88,5188.57,2025-08-30
118,1020,Sur,Ropa,10.0,1423.72,14237.2,23011.82,2025-04-02
249,1039,Oeste,Deportes,4.0,1580.75,6323.0,9329.18,2025-01-26
242,1193,Centro,Belleza,10.0,1595.31,15953.1,24556.85,2025-10-03
251,1039,Este,Ropa,6.0,1751.0,10506.0,15239.04,2025-03-12
297,1038,Sur,Electronica,2.0,375.94,751.88,1182.64,2025-02-20
60,1184,Sur,Electronica,6.0,247.31,1483.86,2486.25,2025-03-18
23,1073,Este,Electronica,3.0,1135.45,3406.35,5339.95,2025-04-28
66,1007,Este,Electronica,1.0,2101.98,2101.98,2415.87,2025-05-16
126,1196,Sur,Belleza,4.0,799.74,3198.96,5069.79,2025-09-06
68,1136,Sur,Ropa,11.0,137.49,1512.39,1552.24,2025-07-09
252,1018,Sur,Electronica,5.0,119.89,599.45,1022.38,2025-01-19
57,1169,Este,Electronica,2.0,1453.94,2907.88,4551.87,2025-03-26
127,1145,Centro,Hogar,1.0,878.08,878.08,1007.2,2025-05-02
349,1094,Centro,Electronica,2.0,279.48,558.96,912.18,2025-01-27
383,1117,Centro,Hogar,7.0,1269.7,8887.9,11546.6,2025-07-27
