id_cliente,ingreso,categoria,publicidad,ventas
1,21092.04,Basico,34.49,149.97
2,13174.07,Basico,45.43,166.9
3,24653.1,Basico,39.65,135.05
4,26349.32,Estandar,59.03,178.83
5,9577.17,Estandar,39.82,106.69
6,12018.92,Basico,65.17,227.64
7,19825.89,Premium,46.31,203.91
8,16971.91,Estandar,40.26,149.87
9,18847.2,Basico,31.2,82.15
10,14064.86,Premium,53.8,192.4
11,25791.22,Basico,63.43,215.29
12,24890.14,Basico,54.1,209.31
13,19401.6,Estandar,83.58,294.27
14,28128.38,Basico,71.45,166.84
15,22328.7,Basico,45.39,174.33
16,14034.13,Estandar,45.23,135.12
17,21570.09,Basico,57.05,161.3
18,13553.38,Premium,37.43,131.32
19,25782.66,Empresarial,67.49,239.51
20,18629.95,Estandar,55.42,150.8
21,17770.56,Estandar,53.85,204.54
22,14938.17,Estandar,60.3,226.03
23,29082.43,Empresarial,75.84,256.29
24,17960.22,Basico,52.56,161.26
25,16319.0,Basico,48.3,145.26
26,16760.05,Estandar,72.63,270.8
27,22840.9,Estandar,64.51,182.21
28,21545.14,Basico,45.19,186.69
29,21904.7,Estandar,50.08,171.11
30,22043.82,Basico,52.93,181.69
31,40117.85,Premium,55.43,149.12
32,16444.64,Basico,29.65,108.25
33,145541.26,Basico,26.86,118.61
34,14259.51,Basico,36.69,100.33
35,23519.68,Basico,35.53,142.61
36,28145.43,Basico,40.34,147.29
37,18217.14,Basico,59.52,188.42
38,14128.44,Basico,47.47,188.51
39,14206.17,Basico,52.95,129.08
40,23806.35,Basico,31.64,126.74
41,24591.08,Basico,43.08,194.02
42,22927.77,Basico,58.81,238.31
43,15019.0,Basico,58.92,212.41
44,20563.16,Basico,39.13,133.77
45,19748.64,Basico,52.42,166.62
46,20466.42,Basico,82.98,269.67
47,25719.38,Premium,49.74,187.78
48,20501.6,Empresarial,39.6,122.59
49,24043.49,Premium,47.39,185.86
50,19412.12,Estandar,51.38,232.62
51,20977.21,Estandar,47.73,166.42
52,23646.04,Basico,49.53,139.93
53,11384.36,Premium,28.35,74.26
54,16951.56,Premium,35.56,149.65
55,16080.61,Premium,47.76,166.56
56,15159.65,Premium,47.52,189.24
57,17217.82,Basico,41.51,135.33
58,31991.63,Premium,47.34,187.53
59,14002.05,Premium,50.92,173.88
60,26606.14,Basico,63.34,198.05
61,10519.6,Premium,48.51,160.36
62,16861.53,Basico,55.99,163.63
63,20069.64,Empresarial,41.88,199.55
64,23275.99,Premium,58.58,199.19
65,24316.96,Basico,55.64,208.58
66,25026.02,Estandar,62.99,201.84
67,16780.05,Basico,60.7,181.88
68,16125.82,Premium,58.83,196.53
69,25598.56,Premium,48.52,197.95
70,17730.53,Estandar,53.67,173.37
71,12130.88,Premium,65.95,202.69
72,12750.8,Basico,40.22,148.57
73,13741.72,Basico,40.57,158.25
74,22561.64,Basico,52.72,224.51
75,19927.36,Basico,56.23,203.15
76,24141.07,Basico,37.64,152.78
77,16325.14,Basico,48.88,189.51
78,20040.07,Basico,48.59,141.8
79,23598.93,Basico,16.77,47.91
80,17012.93,Premium,46.71,137.69
81,22244.97,Basico,47.64,134.38
82,15037.85,Premium,47.6,187.43
83,16696.11,Basico,71.24,248.09
84,118083.22,Basico,31.76,120.45
85,12474.68,Estandar,37.63,71.84
86,22481.33,Basico,10.82,104.92
87,16086.07,Basico,42.79,130.28
88,19041.44,Estandar,44.07,207.9
89,22432.39,Basico,42.35,115.06
90,22165.36,Basico,66.62,206.2
91,23929.92,Estandar,62.91,159.95
92,18316.0,Basico,51.17,187.67
93,16347.75,Premium,44.44,130.24
94,18436.7,Basico,65.39,195.89
95,10503.18,Empresarial,49.7,139.77
96,11424.44,Premium,37.73,156.38
97,11932.91,Empresarial,24.26,112.98
98,13372.61,Premium,43.38,199.78
99,21805.58,Basico,61.32,192.95
100,13809.09,Estandar,84.15,286.33
101,16608.06,Basico,50.92,145.63
102,29873.58,Premium,38.52,131.03
103,16735.84,Estandar,32.23,106.93
104,24541.74,Basico,58.28,212.28
105,13673.76,Premium,23.53,118.37
106,17643.04,Basico,58.26,225.37
107,13595.47,Estandar,62.27,191.95
108,16837.07,Estandar,56.54,220.25
109,25440.76,Basico,46.71,163.68
110,10357.21,Estandar,58.47,193.15
111,22071.63,Premium,52.56,165.24
112,20603.32,Basico,38.33,124.82
113,15398.84,Estandar,77.76,304.6
114,11428.66,Basico,44.72,166.33
115,19443.06,Estandar,61.64,215.44
116,15751.29,Basico,13.72,55.98
117,20566.87,Empresarial,69.15,295.51
118,19103.91,Premium,72.03,275.92
119,33210.54,Basico,50.45,158.36
120,17434.84,Basico,58.38,194.14
121,13250.31,Estandar,58.38,195.61
122,20186.04,Estandar,40.36,148.76
123,20475.8,Basico,58.21,182.91
124,30507.13,Basico,37.87,148.37
125,25394.53,Basico,40.87,183.0
126,21480.59,Empresarial,66.9,194.56
127,31639.32,Estandar,64.62,192.12
128,12505.61,Premium,39.4,130.07
129,15155.02,Estandar,39.0,129.97
130,13707.5,Premium,40.32,194.94
131,16540.49,Basico,60.99,234.11
132,11709.55,Basico,35.0,152.11
133,23678.03,Premium,55.35,184.98
134,17539.7,Empresarial,61.2,202.57
135,11330.1,Basico,48.68,134.6
136,13287.08,Basico,65.15,241.51
137,21157.08,Estandar,45.44,173.13
138,25421.34,Basico,46.79,197.21
139,38133.78,Basico,35.34,124.29
140,52567.42,Premium,65.26,218.75
141,21917.56,Basico,38.5,143.61
142,13408.74,Estandar,55.25,213.56
143,8989.24,Basico,48.93,134.93
144,20820.62,Basico,34.21,144.45
145,14263.66,Estandar,40.86,146.16
146,16393.25,Basico,70.74,212.84
147,15302.42,Estandar,53.02,132.26
148,18046.79,Basico,34.86,124.66
149,27531.69,Empresarial,54.58,225.39
150,20029.61,Estandar,47.81,210.07
151,17934.43,Premium,101.81,344.5
152,13194.05,Basico,54.28,237.31
153,10549.79,Basico,44.29,156.23
154,15991.17,Basico,71.3,264.86
155,18604.82,Estandar,22.38,78.11
156,293537.06,Basico,51.41,166.52
157,19842.79,Basico,79.92,250.8
158,26741.15,Basico,48.26,118.08
159,15918.65,Basico,24.0,126.58
160,12522.34,Basico,44.06,140.55
161,13523.84,Basico,71.82,222.6
162,14708.35,Basico,55.64,162.99
163,39933.24,Estandar,37.42,130.88
164,14221.56,Basico,39.72,187.22
165,25424.57,Basico,41.6,201.32
166,13821.43,Estandar,55.42,150.27
167,26266.52,Premium,70.07,228.36
168,21692.74,Basico,65.79,198.08
169,17946.97,Estandar,56.84,220.91
170,18689.8,Empresarial,30.03,120.24
171,15075.47,Estandar,30.08,97.34
172,22161.8,Premium,58.0,201.61
173,16167.46,Premium,29.82,100.5
174,12345.39,Basico,46.62,204.87
175,12121.33,Basico,54.56,202.82
176,20138.84,Estandar,32.94,138.85
177,32947.87,Empresarial,34.64,60.7
178,20050.25,Estandar,48.59,168.95
179,18187.26,Basico,57.55,250.5
180,20953.04,Estandar,65.92,257.51
181,29944.49,Basico,59.11,157.05
182,20471.4,Premium,51.1,170.59
183,124010.58,Estandar,38.81,110.26
184,27922.86,Estandar,33.94,167.98
185,22027.89,Premium,42.34,157.35
186,32451.91,Estandar,56.15,174.87
187,20214.03,Estandar,55.05,191.51
188,12350.3,Premium,18.5,12.17
189,11744.55,Premium,38.21,111.34
190,33786.78,Premium,68.07,231.92
191,34657.97,Basico,51.19,199.83
192,17803.82,Estandar,28.74,60.58
193,16578.87,Basico,85.34,275.02
194,31618.75,Premium,49.57,198.9
195,12868.45,Estandar,55.77,156.59
196,13861.15,Basico,55.99,199.31
197,23745.88,Basico,44.49,159.56
198,16512.75,Basico,39.09,184.03
199,18924.4,Estandar,81.83,267.9
200,17904.28,Basico,65.05,217.36
201,21336.0,Basico,62.33,234.59
202,31027.17,Premium,58.64,168.64
203,19569.05,Premium,34.95,122.82
204,23750.97,Basico,69.16,223.01
205,9250.56,Basico,37.35,132.32
206,134212.87,Empresarial,54.25,209.38
207,14113.25,Estandar,25.41,112.62
208,12374.78,Estandar,19.39,61.38
209,13941.8,Basico,54.77,193.22
210,16866.03,Basico,37.86,174.64
211,26122.86,Basico,20.16,61.72
212,11917.49,Estandar,58.11,203.77
213,19162.7,Basico,81.8,268.75
214,16003.15,Basico,70.84,238.04
215,16904.15,Estandar,46.14,122.27
216,26929.17,Empresarial,50.13,210.68
217,22887.37,Premium,63.32,196.92
218,30275.36,Estandar,66.83,252.83
219,17960.37,Estandar,44.85,143.49
220,14859.88,Basico,50.51,160.95
221,17529.66,Basico,54.51,219.31
222,20637.68,Estandar,58.31,225.6
223,20166.96,Basico,48.0,174.03
224,12970.91,Estandar,48.2,188.44
225,19568.4,Premium,70.7,231.95
226,20534.87,Empresarial,68.14,
227,45757.73,Basico,57.16,180.66
228,36566.79,Basico,75.79,277.54
229,14063.88,Basico,44.2,139.69
230,17144.21,Basico,74.34,287.6
231,11359.34,Basico,58.14,192.33
232,15417.41,Basico,99.07,327.62
233,21172.57,Premium,32.11,138.52
234,28913.06,Estandar,39.66,143.54
235,14688.51,Premium,56.28,187.03
236,15078.86,Basico,55.96,192.72
237,8941.41,Basico,79.25,288.03
238,17909.15,Basico,39.97,127.35
239,13071.05,Basico,63.57,213.92
240,15751.58,Basico,67.44,229.31
241,13948.1,Empresarial,60.57,229.38
242,18343.09,Basico,35.59,127.82
243,10247.56,Basico,71.12,285.67
244,11345.02,Estandar,68.44,228.25
245,39944.11,Estandar,58.99,196.94
246,12081.16,Estandar,53.07,180.23
247,12914.75,Basico,53.39,152.6
248,36059.29,Premium,48.82,145.42
249,52405.85,Basico,59.61,191.53
250,12581.11,Basico,50.47,204.84
251,16665.78,Estandar,37.27,134.72
252,21365.75,Premium,34.27,114.12
253,34719.06,Basico,38.72,170.69
254,13421.32,Estandar,53.33,224.11
255,17398.73,Basico,49.6,205.13
256,24886.19,Basico,53.23,163.69
257,22074.27,Basico,57.51,185.91
258,16619.72,Estandar,40.59,191.17
259,18090.86,Basico,71.98,249.18
260,11716.89,Estandar,45.98,155.86
261,17442.05,Basico,43.5,172.8
262,17270.66,Premium,57.24,222.61
263,20563.22,Premium,22.45,75.32
264,15609.51,Basico,38.14,143.73
265,22360.21,Basico,64.72,243.78
266,27023.19,Basico,23.94,65.2
267,20018.26,Premium,66.76,227.28
268,21442.17,Basico,72.67,217.41
269,19314.36,Estandar,44.46,133.23
270,18958.91,Basico,54.38,174.49
271,14727.25,Premium,66.79,238.97
272,21179.16,Estandar,43.0,145.24
273,18323.68,Estandar,63.02,199.14
274,39442.88,Empresarial,39.93,145.08
275,32881.79,Basico,42.84,124.12
276,21699.54,Premium,38.01,148.55
277,14514.89,Basico,55.14,219.22
278,12844.31,Estandar,67.37,226.87
279,28764.58,Premium,47.24,161.37
280,20784.49,Estandar,30.93,125.22
281,22427.66,Estandar,33.76,73.94
282,10294.81,Basico,55.92,206.77
283,26228.54,Basico,77.66,338.3
284,22226.65,Basico,55.91,190.24
285,12853.22,Estandar,44.2,154.03
286,16074.13,Estandar,61.49,229.22
287,20791.53,Basico,46.41,205.0
288,19309.71,Basico,44.33,181.78
289,17115.51,Basico,35.62,76.54
290,18283.95,Basico,71.13,254.58
291,17357.99,Basico,11.91,121.23
292,123717.13,Premium,61.97,227.66
293,31730.14,Estandar,43.04,124.57
294,7720.77,Basico,43.84,162.96
295,17450.13,Estandar,75.38,221.68
296,20166.53,Premium,39.29,172.61
297,21027.74,Basico,39.8,119.48
298,16644.41,Basico,48.04,170.79
299,10251.17,Basico,56.21,172.8
300,21264.59,Basico,43.37,140.79
301,34702.69,Premium,26.39,138.97
302,11082.79,Empresarial,37.01,137.33
303,25651.05,Basico,69.22,220.6
304,16899.11,Estandar,51.12,149.85
305,18555.78,Basico,56.77,149.18
306,13114.65,Estandar,46.08,131.56
307,16864.07,Premium,40.11,147.13
308,29882.12,Basico,75.16,277.51
309,23246.95,Basico,47.18,152.24
310,34763.01,Estandar,43.35,193.65
311,28626.67,Empresarial,66.44,208.03
312,22107.68,Basico,39.16,135.46
313,34904.71,Basico,41.08,120.36
314,22106.96,Basico,50.15,200.25
315,25331.29,Estandar,50.0,227.45
316,17089.17,Estandar,53.89,143.03
317,19405.1,Premium,81.38,263.61
318,14852.18,Premium,55.04,222.26
319,26805.29,Premium,14.33,28.25
320,12551.48,Premium,54.89,204.34
321,24929.89,Basico,50.57,207.3
322,17734.59,Estandar,50.65,178.98
323,28564.97,Basico,53.69,200.19
324,24656.7,Basico,49.57,217.69
325,35854.56,Empresarial,49.21,221.26
326,24483.9,Estandar,59.2,201.96
327,10935.68,Empresarial,41.87,136.48
328,18519.26,Basico,35.78,107.93
329,12579.17,Estandar,95.36,340.03
330,15813.23,Estandar,39.26,107.42
331,32174.51,Basico,51.5,173.34
332,23697.78,Basico,27.57,108.02
333,14844.35,Estandar,51.75,167.84
334,13295.74,Basico,36.0,138.6
335,19177.13,Empresarial,43.36,218.54
336,12384.54,Basico,65.68,220.56
337,14989.44,Basico,57.08,186.06
338,21145.94,Premium,58.53,226.81
339,28406.1,Basico,23.43,98.63
340,23460.34,Premium,77.55,296.4
341,8501.93,Estandar,32.12,123.69
342,21089.45,Basico,72.93,239.87
343,19442.4,Estandar,65.32,177.91
344,21913.58,Estandar,58.66,161.35
345,33378.7,Premium,37.18,89.35
346,9208.36,Premium,52.27,191.53
347,15415.27,Estandar,42.94,119.05
348,23314.18,Estandar,50.44,207.74
349,10899.17,Basico,46.25,164.14
350,31779.67,Estandar,19.42,74.1
351,21567.11,Empresarial,66.83,206.07
352,25496.7,Estandar,48.78,186.78
353,15524.42,Estandar,42.73,132.34
354,25205.49,Basico,41.6,124.31
355,27555.71,Premium,55.38,221.38
356,20568.32,Empresarial,36.59,142.31
357,20579.29,Basico,16.17,64.26
358,20839.8,Basico,56.11,209.97
359,14014.24,Estandar,57.79,199.36
360,18004.28,Estandar,47.01,175.29
361,17972.84,Estandar,32.78,101.2
362,21680.92,Basico,51.33,230.9
363,26901.53,Basico,28.03,92.41
364,13088.8,Estandar,34.59,166.13
365,18146.75,Estandar,38.74,135.37
366,31840.98,Estandar,62.66,234.42
367,14614.13,Estandar,44.56,176.49
368,14217.27,Estandar,43.28,182.85
369,20349.41,Premium,79.32,244.88
370,25477.09,Estandar,55.29,218.28
371,19034.32,Estandar,55.08,236.92
372,30186.08,Estandar,44.45,151.34
373,25587.98,Basico,41.05,148.14
374,25454.23,Basico,17.2,60.25
375,23015.9,Estandar,64.53,211.39
376,42816.49,Premium,56.72,238.63
377,17644.75,Estandar,47.31,141.56
378,9402.84,Basico,47.94,145.07
379,288833.61,Estandar,61.04,
380,16152.1,Basico,26.68,118.32
381,19687.87,Estandar,41.15,200.58
382,29981.71,Premium,32.96,110.9
383,10820.62,Estandar,76.57,260.53
384,12233.38,Estandar,63.13,199.2
385,10824.34,Basico,16.96,76.16
386,14357.85,Basico,27.29,60.26
387,22111.94,Premium,48.01,185.97
388,22776.07,Estandar,42.91,161.12
389,20883.11,Estandar,30.13,111.98
390,11562.61,Basico,79.17,255.67
391,8446.13,Basico,54.69,167.16
392,19322.47,Basico,57.12,215.27
393,16072.71,Basico,39.62,113.54
394,22265.31,Basico,60.83,221.38
395,24238.17,Empresarial,44.29,209.17
396,19898.2,Estandar,45.75,198.96
397,24736.78,Basico,59.17,165.78
398,20541.94,Basico,25.57,85.83
399,22822.97,Basico,73.96,259.8
400,14814.54,Premium,52.74,181.72
401,17803.24,Basico,69.21,199.58
402,20310.06,Premium,33.87,134.63
403,25265.24,Premium,36.15,131.82
404,16517.75,Basico,32.57,168.83
405,22752.0,Estandar,53.75,180.31
406,17273.98,Empresarial,50.99,207.27
407,18194.24,Basico,43.03,121.73
408,25344.87,Basico,34.79,102.15
409,9437.33,Premium,31.0,134.14
410,12042.95,Premium,49.27,199.84
411,11285.06,Estandar,43.02,129.42
412,8376.91,Estandar,39.72,143.72
413,14952.11,Basico,73.21,212.4
414,24644.32,Premium,48.77,166.64
415,17159.21,Estandar,69.05,254.98
416,20317.27,Basico,42.0,139.33
417,27756.52,Estandar,53.67,180.16
418,30172.62,Empresarial,49.17,144.18
419,18505.1,Premium,24.54,79.85
420,30447.37,Basico,71.43,285.37
421,19579.62,Basico,47.97,170.54
422,14142.09,Empresarial,61.2,184.65
423,15397.49,Empresarial,38.72,132.16
424,11291.58,Estandar,47.53,127.4
425,13893.18,Estandar,37.0,109.34
426,16725.57,Estandar,68.54,266.48
427,25115.86,Basico,54.67,185.92
428,34622.86,Basico,55.51,239.34
429,11687.05,Basico,70.37,235.77
430,21752.62,Basico,67.35,227.87
431,13171.49,Premium,61.48,226.61
432,22384.95,Basico,28.67,42.07
433,18108.19,Basico,39.56,147.77
434,9988.43,Estandar,34.94,127.09
435,26236.42,Basico,60.91,245.98
436,15340.47,Basico,52.56,207.05
437,15727.01,Estandar,29.14,82.0
438,13037.52,Basico,47.17,197.28
439,15078.13,Estandar,27.59,98.97
440,22021.22,Premium,49.2,149.92
441,17743.32,Basico,25.17,102.95
442,21269.55,Premium,57.93,194.52
443,21518.59,Premium,55.67,231.04
444,30098.53,Premium,78.62,272.24
445,16814.97,Estandar,62.72,219.57
446,11306.12,Estandar,43.66,177.85
447,27543.67,Estandar,62.27,240.36
448,16881.59,Estandar,29.04,129.6
449,28004.13,Basico,35.56,165.73
450,21680.79,Empresarial,55.0,205.71
451,18107.87,Estandar,17.63,78.83
452,21419.81,Premium,49.44,204.25
453,37528.44,Basico,34.7,125.29
454,39220.04,Basico,51.52,180.54
455,19424.36,Estandar,33.83,167.92
456,20051.65,Estandar,56.36,235.28
457,27630.74,Basico,50.29,175.69
458,14101.25,Basico,71.01,228.78
459,21302.39,Basico,50.1,211.89
460,18787.52,Estandar,38.47,159.27
461,21160.0,Basico,46.3,171.41
462,14162.05,Empresarial,29.84,104.45
463,10868.8,Basico,56.09,202.18
464,9177.0,Basico,58.85,201.89
465,12821.97,Basico,87.04,273.21
466,16146.58,Estandar,40.67,149.31
467,17109.39,Estandar,45.98,169.18
468,37347.86,Estandar,41.36,138.84
469,27919.98,Empresarial,53.18,207.46
470,13538.17,Basico,55.73,224.97
471,21411.81,Estandar,49.2,196.77
472,16440.82,Basico,66.29,218.61
473,17162.34,Basico,40.75,165.21
474,20228.83,Estandar,64.79,222.81
475,23545.97,Basico,58.08,169.15
476,16835.74,Estandar,49.82,191.26
477,27511.19,Estandar,45.28,164.01
478,12712.25,Estandar,86.4,352.68
479,19000.46,Estandar,37.74,173.44
480,47060.34,Estandar,54.47,206.63
481,20497.9,Basico,38.75,146.34
482,31307.88,Basico,76.78,262.12
483,19575.46,Basico,63.3,191.15
484,23231.68,Estandar,39.82,99.98
485,18585.29,Empresarial,57.69,177.02
486,17860.69,Basico,53.87,185.79
487,14431.68,Estandar,42.25,98.34
488,22039.81,Premium,61.37,196.65
489,14072.28,Premium,55.84,186.91
490,23931.6,Estandar,53.24,179.64
491,27718.36,Estandar,49.37,156.51
492,21553.34,Estandar,56.47,186.51
493,17151.02,Premium,53.44,228.76
494,22223.11,Basico,50.89,194.3
495,17016.94,Premium,40.38,131.19
496,26303.08,Basico,75.41,252.05
497,9986.68,Premium,34.24,125.45
498,16857.27,Basico,56.41,175.69
499,9444.76,Basico,45.2,140.88
500,11234.32,Basico,76.39,282.08
501,30557.08,Basico,36.45,122.49
502,25934.12,Basico,38.97,113.44
503,14737.96,Basico,35.45,128.82
504,11205.09,Estandar,54.85,192.99
505,6717.12,Basico,29.4,61.84
506,15674.28,Premium,42.82,151.73
507,44229.41,Premium,17.71,96.61
508,22075.19,Estandar,53.61,197.46
509,15586.33,Basico,42.5,207.48
510,22309.73,Basico,27.68,137.08
511,10978.18,Premium,66.28,261.7
512,17084.67,Basico,30.38,184.2
513,19630.06,Basico,61.95,231.01
514,18395.56,Empresarial,39.48,146.48
515,25003.78,Empresarial,74.02,273.82
516,21388.87,Basico,61.24,195.87
517,23954.56,Estandar,34.88,130.82
518,14899.3,Estandar,36.24,116.16
519,25958.01,Premium,59.08,213.11
520,33527.72,Basico,46.06,146.5
521,13500.04,Basico,47.46,149.95
522,13895.31,Estandar,69.08,244.5
523,30258.26,Basico,38.77,136.74
524,17730.29,Estandar,51.37,131.06
525,30987.45,Basico,64.32,183.0
526,16238.05,Premium,62.14,183.94
527,31548.02,Premium,47.61,145.5
528,19851.21,Estandar,45.67,171.93
529,20751.63,Premium,23.92,99.62
530,32782.54,Basico,34.16,152.52
531,16703.61,Estandar,54.78,208.62
532,13637.89,Basico,47.93,195.39
533,16203.82,Premium,51.12,193.69
534,22210.42,Premium,65.59,228.57
535,10959.75,Premium,32.19,147.27
536,23697.26,Premium,46.46,187.0
537,15700.22,Empresarial,52.83,193.18
538,28331.64,Basico,39.44,174.03
539,8200.98,Empresarial,71.47,182.92
540,14395.95,Estandar,63.63,209.99
541,10506.36,Basico,54.35,180.85
542,14197.48,Estandar,76.91,287.25
543,20675.05,Basico,27.52,144.59
544,17805.64,Basico,49.88,138.39
545,17349.48,Basico,55.5,227.31
546,17930.98,Basico,36.28,103.19
547,20357.12,Estandar,54.51,160.45
548,13319.87,Premium,33.4,117.69
549,24279.74,Estandar,60.36,199.16
550,23907.16,Estandar,65.87,185.23
551,21693.4,Basico,54.09,203.91
552,23035.38,Estandar,22.21,105.83
553,21030.86,Basico,35.5,156.4
554,38648.98,Premium,58.47,190.42
555,18389.17,Basico,50.32,175.0
556,17026.41,Estandar,9.59,48.97
557,14563.38,Premium,68.64,274.99
558,13209.72,Estandar,52.05,110.5
559,12264.14,Premium,37.71,112.99
560,13889.95,Basico,64.92,221.4
561,18495.11,Premium,39.84,116.36
562,21311.53,Estandar,39.67,136.53
563,19300.76,Premium,55.38,188.51
564,14502.3,Estandar,76.72,241.38
565,25979.54,Premium,74.35,252.11
566,24558.04,Empresarial,55.4,207.43
567,17928.07,Basico,56.94,190.59
568,15085.35,Premium,61.87,200.47
569,22970.13,Estandar,31.15,112.41
570,20247.58,Estandar,59.66,204.77
571,11420.39,Premium,38.99,97.36
572,18512.6,Basico,54.78,201.35
573,20779.3,Estandar,46.59,153.15
574,13837.07,Basico,57.52,229.84
575,20260.84,Basico,51.77,195.27
576,11393.66,Premium,5.0,64.75
577,30262.52,Basico,52.68,158.04
578,29342.21,Basico,59.63,195.58
579,17354.71,Basico,56.69,164.67
580,21530.14,Estandar,48.46,152.6
581,8156.15,Premium,74.63,282.66
582,12648.3,Premium,54.67,226.67
583,17105.88,Basico,56.57,166.65
584,13026.66,Estandar,65.67,212.11
585,24343.95,Estandar,55.44,189.96
586,38141.33,Estandar,36.53,147.88
587,12558.9,Basico,13.42,17.62
588,14141.77,Basico,42.84,112.74
589,20586.83,Estandar,61.41,222.62
590,33319.25,Estandar,44.7,109.86
591,12359.36,Estandar,62.02,201.08
592,20684.97,Estandar,52.23,185.97
593,35862.76,Premium,69.32,245.29
594,10634.77,Estandar,45.57,157.73
595,12108.05,Basico,57.01,187.6
596,16345.99,Premium,57.59,219.64
597,15800.46,Premium,72.52,251.95
598,25195.24,Basico,24.4,79.47
599,20631.64,Estandar,43.12,154.63
600,10185.94,Basico,62.73,224.04
601,22706.21,Estandar,73.19,289.84
602,15488.63,Basico,53.6,205.82
603,29615.6,Estandar,45.61,191.75
604,15219.68,Basico,61.36,194.94
605,15171.66,Estandar,63.03,202.29
606,22911.54,Empresarial,44.61,152.39
607,24760.98,Basico,54.95,186.77
608,22177.53,Premium,67.71,204.69
609,10509.56,Empresarial,78.36,294.55
610,22886.72,Premium,61.14,231.61
611,13200.26,Basico,50.66,169.41
612,20585.59,Premium,49.19,188.53
613,11518.31,Basico,58.36,206.49
614,22163.74,Basico,48.26,187.62
615,14295.36,Premium,52.84,150.21
616,12101.42,Estandar,34.13,122.17
617,24339.04,Estandar,69.46,233.86
618,20631.53,Basico,32.9,137.57
619,15292.35,Premium,43.52,139.2
620,31505.35,Estandar,51.46,117.04
621,16248.76,Estandar,79.86,240.54
622,19172.6,Premium,43.66,153.82
623,20829.38,Basico,40.01,145.63
624,15261.93,Basico,41.74,191.48
625,22357.07,Estandar,74.88,266.71
626,15729.48,Empresarial,7.81,46.26
627,16414.6,Basico,34.96,127.56
628,30544.04,Basico,90.97,329.61
629,13171.29,Basico,58.86,187.72
630,8147.99,Premium,33.41,120.06
631,33317.16,Basico,49.37,145.82
632,46270.73,Estandar,51.01,213.61
633,16451.23,Empresarial,62.69,224.16
634,9624.88,Basico,77.59,242.85
635,17006.15,Estandar,55.83,190.21
636,17151.18,Estandar,41.9,162.64
637,17739.1,Premium,61.81,205.33
638,12839.92,Basico,39.53,129.17
639,23221.79,Basico,34.5,110.59
640,22778.62,Basico,23.6,101.64
641,11236.9,Estandar,26.52,93.27
642,24214.79,Premium,36.55,121.97
643,38887.95,Basico,32.33,86.83
644,20134.42,Basico,54.7,191.51
645,16847.14,Premium,32.01,114.7
646,18039.14,Basico,5.0,27.46
647,23513.73,Basico,34.34,131.43
648,80778.45,Estandar,42.92,171.76
649,20081.15,Basico,40.92,164.39
650,16536.7,Basico,72.79,259.48
651,36197.26,Estandar,40.8,140.45
652,17837.17,Basico,63.21,201.79
653,33987.93,Estandar,49.72,148.02
654,12883.35,Estandar,49.37,158.2
655,23284.44,Estandar,37.47,136.65
656,21200.71,Basico,49.12,152.61
657,13986.3,Premium,38.52,141.82
658,20172.76,Basico,52.55,158.77
659,28980.59,Premium,46.46,122.49
660,16927.13,Basico,35.83,151.56
661,10486.18,Premium,64.88,209.26
662,18842.18,Basico,56.4,173.92
663,13823.87,Basico,43.28,126.82
664,16817.59,Estandar,52.18,192.34
665,18424.64,Basico,48.74,205.47
666,10436.05,Basico,36.99,124.58
667,10770.0,Estandar,51.06,172.89
668,22442.76,Premium,40.68,172.91
669,15788.68,Basico,35.83,85.8
670,54760.95,Premium,25.66,148.71
671,24951.65,Premium,44.62,219.43
672,20854.59,Premium,58.5,133.71
673,14766.91,Estandar,39.58,140.26
674,11957.45,Estandar,87.81,274.24
675,25400.72,Estandar,63.29,209.57
676,21424.12,Estandar,69.56,225.19
677,43647.92,Premium,61.93,232.27
678,21961.94,Basico,77.79,258.34
679,21713.64,Basico,38.19,115.63
680,17882.45,Basico,11.59,51.62
681,25232.08,Empresarial,43.31,167.12
682,23594.76,Basico,58.37,171.36
683,29381.01,Estandar,52.27,140.89
684,15796.39,Premium,54.13,237.63
685,16278.61,Empresarial,69.81,220.36
686,16031.55,Basico,55.73,189.33
687,25003.74,Premium,61.98,202.2
688,32030.09,Premium,35.91,145.01
689,16145.65,Basico,33.57,168.38
690,16339.31,Premium,74.21,264.55
691,21161.25,Basico,51.51,141.73
692,17395.79,Estandar,40.65,111.42
693,26455.48,Estandar,40.68,136.13
694,8620.32,Basico,40.26,138.11
695,14195.12,Basico,39.37,98.98
696,14416.87,Basico,30.75,135.82
697,8415.88,Basico,27.49,78.07
698,13530.84,Estandar,47.07,203.26
699,13762.4,Basico,41.11,192.94
700,17669.82,Basico,66.61,220.28
701,27988.19,Estandar,54.4,199.6
702,17400.06,Estandar,53.98,156.54
703,13216.42,Estandar,38.85,156.04
704,18584.18,Empresarial,48.18,156.92
705,27370.22,Basico,55.42,164.61
706,13472.62,Premium,60.74,201.07
707,13784.48,Basico,48.59,158.99
708,23051.64,Estandar,66.19,217.05
709,17543.91,Empresarial,50.12,199.11
710,23780.46,Premium,61.89,192.23
711,18868.02,Estandar,42.65,195.6
712,24235.71,Estandar,22.81,57.59
713,13196.71,Basico,54.03,227.86
714,18878.34,Estandar,60.88,183.31
715,17610.64,Premium,58.63,201.73
716,12387.44,Empresarial,56.33,182.38
717,10968.5,Estandar,44.77,150.2
718,24101.09,Basico,37.9,157.52
719,16766.98,Estandar,58.28,238.15
720,13255.95,Basico,56.4,224.59
721,18330.79,Basico,41.59,138.8
722,28136.04,Basico,66.64,231.19
723,8533.39,Estandar,36.76,114.39
724,11228.12,Basico,41.25,123.08
725,13725.21,Basico,74.55,222.44
726,31615.81,Basico,63.03,204.45
727,210971.75,Premium,44.63,164.59
728,24799.06,Estandar,54.31,140.57
729,12720.16,Basico,52.32,181.04
730,12812.32,Basico,8.82,85.23
731,22175.31,Estandar,36.4,160.9
732,19349.0,Basico,49.24,158.01
733,22972.63,Estandar,44.65,123.5
734,17753.1,Basico,53.71,197.99
735,20896.78,Premium,66.94,169.59
736,20037.12,Basico,45.18,187.8
737,24889.93,Estandar,34.14,120.48
738,25145.97,Basico,54.87,235.89
739,10754.13,Empresarial,45.1,116.64
740,8633.94,Empresarial,47.66,190.7
741,26919.63,Estandar,45.62,158.92
742,28730.19,Estandar,83.63,270.97
743,13263.64,Basico,16.39,36.56
744,9887.81,Premium,44.17,171.84
745,19627.01,Estandar,49.94,
746,26259.77,Basico,38.28,183.31
747,35566.45,Estandar,63.5,242.04
748,22713.26,Estandar,62.2,197.97
749,16645.57,Premium,49.28,147.68
750,13868.9,Estandar,45.94,128.2
751,19034.49,Estandar,48.32,206.62
752,17073.06,Estandar,48.43,150.67
753,13289.46,Basico,48.82,208.36
754,38834.51,Basico,47.18,179.38
755,35412.1,Basico,53.79,194.99
756,28215.23,Premium,61.3,202.35
757,13735.0,Basico,31.55,134.31
758,25572.09,Basico,34.24,125.76
759,23715.15,Basico,23.77,84.46
760,22134.46,Basico,63.0,232.69
761,29359.83,Estandar,53.75,183.04
762,23679.85,Basico,57.58,178.54
763,24563.21,Basico,28.56,123.52
764,23692.58,Premium,76.77,256.4
765,21360.04,Basico,40.87,158.91
766,10155.15,Basico,52.52,171.48
767,19521.42,Basico,62.82,184.5
768,15604.78,Premium,35.2,172.48
769,12113.26,Basico,41.81,188.26
770,34154.03,Premium,52.69,205.43
771,34722.68,Empresarial,92.86,298.18
772,30507.48,Estandar,54.52,181.49
773,20729.74,Basico,74.1,284.25
774,30415.84,Estandar,68.09,222.22
775,19038.5,Estandar,55.52,176.3
776,20352.91,Basico,35.16,175.81
777,12929.74,Estandar,65.9,223.09
778,21784.35,Basico,27.53,149.55
779,19363.31,Basico,74.01,214.48
780,12016.93,Basico,53.0,197.25
781,18621.67,Basico,10.25,103.54
782,18436.63,Basico,44.89,159.91
783,35566.04,Estandar,59.81,198.81
784,25925.3,Empresarial,46.44,134.78
785,19034.45,Basico,60.73,235.31
786,20683.17,Estandar,37.25,116.22
787,19254.0,Estandar,30.41,111.9
788,17658.63,Basico,48.93,140.82
789,12979.81,Basico,50.47,215.39
790,17982.1,Basico,44.77,187.67
791,14601.3,Basico,68.41,231.28
792,12239.08,Basico,37.25,106.61
793,22672.94,Basico,54.7,227.96
794,21740.73,Estandar,51.02,169.01
795,10144.15,Basico,26.65,74.98
796,18161.52,Basico,30.21,69.61
797,26862.74,Basico,50.18,159.4
798,27466.66,Estandar,79.72,230.76
799,27147.57,Basico,58.69,186.37
800,19218.33,Estandar,24.12,113.37
801,14104.29,Basico,5.0,26.11
802,12974.04,Basico,61.0,217.98
803,21388.57,Empresarial,48.56,152.44
804,21649.72,Basico,67.12,229.7
805,29749.45,Basico,36.79,182.07
806,27861.27,Basico,55.25,182.57
807,18100.95,Empresarial,62.69,223.96
808,12265.28,Estandar,43.29,115.05
809,16954.91,Estandar,43.61,193.19
810,20455.99,Empresarial,50.38,164.24
811,17663.77,Basico,58.14,226.5
812,15486.7,Empresarial,49.78,171.25
813,20712.85,Basico,64.61,235.58
814,15892.69,Estandar,43.07,170.3
815,15217.13,Basico,30.07,101.92
816,21141.82,Basico,79.65,294.23
817,16470.11,Empresarial,40.93,127.91
818,20649.3,Basico,41.47,168.02
819,20860.68,Empresarial,49.01,162.19
820,12723.42,Basico,51.01,186.86
821,16019.56,Estandar,44.2,145.47
822,31357.91,Empresarial,49.74,175.44
823,12622.95,Basico,49.4,146.28
824,9037.8,Premium,52.62,
825,9880.85,Estandar,14.64,66.48
826,19152.5,Estandar,78.21,248.96
827,19164.62,Basico,47.79,166.78
828,18193.8,Estandar,58.71,205.35
829,28997.54,Estandar,29.33,95.51
830,7439.12,Estandar,42.93,149.88
831,21776.29,Basico,39.92,
832,32744.93,Basico,72.05,301.99
833,12775.4,Premium,41.21,174.24
834,16598.5,Basico,61.37,217.08
835,14566.62,Estandar,40.24,174.06
836,13863.0,Empresarial,43.21,104.47
837,16912.5,Basico,46.32,99.64
838,31245.16,Basico,69.26,224.72
839,36065.26,Estandar,21.65,52.66
840,16855.31,Basico,30.27,107.91
841,36929.69,Estandar,20.79,89.59
842,19195.9,Estandar,33.69,
843,35024.11,Estandar,37.83,108.8
844,18349.28,Basico,25.78,109.92
845,19848.23,Estandar,38.99,141.22
846,21545.37,Estandar,19.78,90.0
847,57676.14,Basico,34.73,114.67
848,25538.69,Estandar,68.01,265.4
849,14801.11,Premium,56.05,191.18
850,26612.84,Estandar,52.81,228.07
851,16703.25,Estandar,34.96,108.61
852,15971.92,Basico,26.96,122.14
853,26056.19,Basico,32.91,120.54
854,19165.75,Basico,49.35,164.8
855,20899.94,Basico,63.02,231.18
856,19051.38,Empresarial,63.54,209.48
857,21328.6,Basico,59.46,137.77
858,21998.69,Premium,38.94,64.13
859,9624.45,Basico,50.37,207.95
860,23939.87,Basico,45.18,190.81
861,13444.07,Basico,46.98,212.83
862,11443.71,Basico,80.56,269.29
863,18574.71,Premium,23.57,60.75
864,19523.87,Empresarial,46.48,153.6
865,14872.55,Premium,68.18,231.63
866,25358.29,Basico,28.01,81.66
867,11851.84,Premium,40.34,186.28
868,16441.6,Basico,42.06,206.39
869,15448.91,Premium,46.65,176.57
870,18651.74,Estandar,26.06,100.52
871,20902.05,Basico,58.93,170.31
872,13322.87,Basico,59.99,244.64
873,24428.33,Basico,57.63,200.55
874,19381.05,Basico,36.94,127.3
875,9777.3,Premium,51.3,191.05
876,9551.88,Premium,36.51,118.53
877,18876.79,Empresarial,45.01,163.21
878,17547.41,Basico,82.3,239.07
879,18284.39,Estandar,51.44,206.63
880,18773.59,Basico,32.19,117.17
881,20515.7,Estandar,52.71,212.36
882,26414.74,Basico,29.72,107.11
883,151976.68,Basico,32.01,115.84
884,12579.33,Estandar,34.38,96.28
885,12930.4,Basico,43.34,173.33
886,20975.72,Estandar,64.05,196.67
887,29311.39,Estandar,58.68,189.73
888,16301.81,Basico,57.84,199.35
889,7898.32,Empresarial,33.52,126.93
890,10442.12,Estandar,41.88,107.18
891,14163.69,Premium,54.08,181.88
892,15596.39,Estandar,40.58,165.66
893,16433.28,Estandar,45.82,152.6
894,19216.09,Estandar,56.62,189.9
895,16998.64,Premium,44.77,162.84
896,27371.81,Estandar,53.39,182.36
897,14963.87,Basico,73.89,223.3
898,14019.28,Basico,47.42,166.1
899,22417.71,Estandar,67.69,254.69
900,11075.88,Basico,58.39,174.73
901,21728.76,Basico,27.99,97.41
902,19651.2,Basico,33.47,89.21
903,18004.83,Estandar,37.5,159.77
904,368789.13,Basico,37.18,132.94
905,15248.36,Estandar,48.65,149.55
906,38991.71,Premium,59.22,205.89
907,17520.01,Premium,68.83,203.27
908,12125.24,Basico,54.62,163.49
909,19428.02,Estandar,43.31,117.77
910,13007.93,Estandar,18.77,51.51
911,14572.41,Estandar,51.06,212.22
912,21784.67,Estandar,50.39,157.87
913,23027.71,Basico,52.74,195.16
914,15248.57,Empresarial,81.59,252.03
915,26784.85,Basico,68.61,251.68
916,28427.94,Premium,61.78,185.85
917,31341.73,Estandar,35.57,131.24
918,22817.77,Basico,42.31,152.47
919,30552.45,Estandar,48.58,228.78
920,9815.52,Basico,38.37,154.7
921,16962.03,Premium,57.51,183.45
922,13996.3,Estandar,55.35,208.72
923,19766.21,Basico,33.68,177.85
924,15521.68,Basico,67.95,189.91
925,17887.27,Premium,51.53,158.7
926,36635.07,Basico,24.06,88.68
927,17864.99,Premium,49.23,162.19
928,21912.82,Premium,54.22,179.76
929,17478.13,Estandar,64.59,187.63
930,19467.46,Basico,44.94,194.41
931,18998.32,Estandar,62.42,177.93
932,22179.27,Empresarial,52.81,178.7
933,28505.65,Basico,30.27,140.0
934,33745.01,Basico,28.77,108.44
935,21128.27,Basico,66.84,202.71
936,23303.09,Basico,67.94,196.9
937,12672.6,Estandar,54.84,184.27
938,18384.13,Estandar,72.44,225.62
939,26346.78,Estandar,65.85,229.26
940,25670.28,Basico,60.25,171.75
941,20415.78,Basico,36.33,152.95
942,25854.45,Basico,75.97,258.4
943,22511.2,Premium,58.04,204.68
944,28856.98,Estandar,44.21,193.09
945,20978.97,Basico,39.98,132.98
946,16739.15,Premium,53.85,168.8
947,21323.06,Basico,24.93,83.6
948,6797.38,Basico,60.5,202.72
949,21677.06,Basico,35.7,128.38
950,5287.26,Empresarial,55.56,171.47
951,10371.2,Estandar,42.18,100.17
952,22206.03,Estandar,46.03,148.68
953,22407.15,Basico,38.65,148.8
954,12621.41,Basico,47.58,170.91
955,14776.07,Estandar,78.34,292.85
956,30628.6,Basico,70.78,288.29
957,16003.93,Premium,55.32,210.47
958,41565.35,Premium,49.62,208.39
959,18945.62,Basico,62.66,233.42
960,21868.72,Estandar,66.95,270.29
961,33386.47,Empresarial,37.55,182.68
962,19848.02,Estandar,48.84,195.18
963,13348.77,Estandar,22.67,107.94
964,18244.07,Premium,66.85,222.09
965,18723.53,Basico,80.98,269.99
966,11758.6,Premium,51.2,170.28
967,17334.58,Basico,18.12,91.72
968,14621.27,Estandar,59.13,185.3
969,26200.28,Premium,36.44,128.18
970,19189.42,Estandar,40.05,85.28
971,17171.76,Estandar,59.4,247.21
972,18266.72,Estandar,53.82,181.32
973,20498.21,Basico,42.68,163.69
974,23526.55,Basico,40.26,181.24
975,13361.07,Basico,51.89,188.36
976,13166.68,Estandar,43.86,192.07
977,27907.14,Basico,33.36,92.38
978,16410.59,Basico,45.01,219.47
979,11546.13,Premium,55.09,217.97
980,22144.28,Basico,47.33,171.95
981,22296.38,Basico,28.8,144.9
982,11095.0,Basico,64.84,191.78
983,20543.88,Basico,8.92,40.43
984,24525.14,Estandar,43.3,190.35
985,21612.68,Basico,40.7,99.48
986,23651.78,Basico,52.22,195.9
987,11597.05,Empresarial,58.42,214.42
988,21287.26,Premium,66.9,276.63
989,17053.03,Estandar,39.31,102.3
990,16010.87,Premium,58.8,242.52
991,25711.52,Premium,52.94,
992,31816.68,Basico,24.33,84.24
993,35526.33,Estandar,78.51,232.83
994,30036.93,Estandar,28.42,80.9
995,18244.03,Basico,56.29,204.59
996,21449.4,Basico,55.85,165.32
997,24794.77,Basico,54.13,206.32
998,19779.72,Estandar,42.58,135.43
999,19846.19,Premium,62.41,183.14
1000,25293.77,Premium,26.59,89.25
1001,18569.04,Basico,49.01,180.36
1002,14687.46,Basico,41.54,141.85
1003,16398.32,Estandar,39.84,144.36
1004,23667.75,Estandar,56.43,212.34
1005,18978.23,Premium,66.16,252.16
1006,21355.69,Premium,44.85,151.29
1007,23969.27,Premium,61.71,185.2
1008,16627.37,Premium,50.75,179.22
1009,24703.17,Empresarial,36.61,145.25
1010,21646.41,Estandar,46.13,126.49
1011,12305.67,Basico,45.51,138.81
1012,31407.65,Basico,39.55,124.63
1013,15910.58,Basico,56.43,189.73
1014,10622.36,Basico,53.52,166.89
1015,13150.76,Basico,26.14,118.71
1016,13261.68,Empresarial,25.23,58.08
1017,19307.73,Basico,56.37,155.25
1018,17225.61,Empresarial,37.77,128.74
1019,16850.05,Premium,54.53,184.65
1020,23550.34,Estandar,61.71,174.95
1021,21353.19,Estandar,30.94,100.73
1022,21175.85,Basico,28.83,99.34
1023,21882.44,Estandar,75.12,243.03
1024,23520.96,Basico,55.27,195.15
1025,69594.12,Empresarial,43.71,138.97
1026,16688.02,Basico,35.99,168.52
1027,8838.98,Basico,42.34,163.47
1028,19199.14,Estandar,32.14,99.46
1029,18927.64,Estandar,63.25,218.44
1030,27335.36,Estandar,38.35,141.98
1031,28729.28,Estandar,66.4,256.22
1032,20352.75,Basico,43.99,141.36
1033,15912.71,Estandar,34.35,145.67
1034,22467.08,Basico,43.61,156.22
1035,15759.98,Basico,10.64,90.27
1036,18949.12,Basico,48.19,201.66
1037,26772.96,Basico,47.45,172.01
1038,15596.16,Basico,62.37,206.79
1039,25134.27,Estandar,21.71,99.95
1040,24030.77,Basico,67.43,224.52
1041,13572.8,Basico,62.31,255.17
1042,26658.49,Estandar,68.78,235.18
1043,24209.45,Basico,49.21,162.41
1044,19646.88,Estandar,65.21,210.66
1045,14518.61,Empresarial,27.93,76.26
1046,14034.56,Basico,60.7,222.07
1047,15706.31,Premium,38.43,118.64
1048,22923.28,Basico,25.23,125.66
1049,13568.84,Basico,33.14,90.4
1050,22095.5,Estandar,50.08,178.44
1051,12275.81,Premium,37.64,165.43
1052,17651.5,Premium,55.64,138.68
1053,19700.06,Basico,22.88,141.37
1054,44613.67,Premium,18.09,65.46
1055,11706.97,Basico,70.59,242.34
1056,31735.94,Basico,63.56,231.31
1057,19979.16,Basico,34.26,144.36
1058,21892.74,Empresarial,49.96,181.71
1059,19760.13,Basico,65.29,247.34
1060,22151.36,Premium,56.29,207.47
1061,17965.53,Estandar,52.22,225.91
1062,31537.03,Estandar,66.43,238.98
1063,16159.04,Estandar,39.04,190.14
1064,28177.59,Premium,50.47,198.98
1065,15130.56,Basico,49.73,129.03
1066,167333.45,Basico,45.91,227.59
1067,13027.44,Estandar,44.15,142.52
1068,22231.34,Basico,51.09,215.78
1069,31438.67,Basico,50.52,177.27
1070,18451.95,Basico,34.27,152.78
1071,17695.93,Basico,62.03,195.07
1072,12834.4,Basico,35.35,145.24
1073,17496.35,Basico,46.73,158.52
1074,10856.53,Premium,45.57,200.74
1075,13773.38,Basico,55.37,202.62
1076,20524.51,Empresarial,18.21,99.86
1077,30081.17,Empresarial,63.36,162.33
1078,50676.82,Basico,39.85,141.38
1079,15439.67,Estandar,68.3,241.99
1080,31330.74,Estandar,42.83,158.36
1081,20646.75,Estandar,49.27,196.76
1082,17980.86,Basico,78.71,254.84
1083,22057.5,Basico,45.84,163.32
1084,19373.68,Basico,68.58,262.14
1085,19705.21,Estandar,50.59,119.85
1086,16433.6,Empresarial,56.23,209.05
1087,134590.99,Estandar,51.05,169.91
1088,11044.98,Estandar,62.72,191.62
1089,23828.45,Empresarial,39.72,151.54
1090,17208.44,Estandar,35.24,159.93
1091,15388.39,Basico,40.42,171.28
1092,19014.88,Premium,51.5,176.26
1093,25039.91,Basico,46.69,186.63
1094,20193.73,Basico,60.65,229.73
1095,15068.79,Estandar,69.57,233.49
1096,29120.64,Empresarial,35.36,112.3
1097,32948.96,Basico,38.99,124.99
1098,22541.08,Estandar,28.46,129.16
1099,26656.34,Basico,80.46,268.36
1100,29280.76,Basico,54.57,163.01
1101,28156.54,Basico,57.2,155.19
1102,23504.21,Estandar,29.9,133.48
1103,23374.98,Premium,49.98,161.28
1104,22740.01,Basico,57.64,206.94
1105,12912.25,Basico,46.21,194.24
1106,24227.73,Basico,66.14,192.3
1107,11795.4,Basico,84.68,281.37
1108,14355.53,Estandar,35.79,126.69
1109,29918.96,Estandar,34.67,136.97
1110,25439.98,Estandar,36.83,165.16
1111,31907.28,Basico,74.09,216.45
1112,17238.73,Estandar,65.64,237.71
1113,12666.46,Basico,47.97,194.49
1114,17428.24,Basico,50.55,172.04
1115,19647.61,Empresarial,37.75,133.59
1116,19489.79,Premium,63.35,226.85
1117,28191.85,Premium,44.3,165.95
1118,16706.54,Premium,46.1,177.47
1119,21444.26,Estandar,59.13,217.34
1120,13413.01,Premium,47.18,141.71
1121,22194.75,Basico,46.48,188.83
1122,18978.99,Basico,50.16,204.66
1123,14582.32,Basico,61.93,216.64
1124,17456.37,Basico,74.7,214.21
1125,17774.83,Basico,58.78,199.36
1126,17247.9,Basico,62.05,217.21
1127,35241.14,Estandar,47.0,137.09
1128,18316.25,Premium,39.38,133.08
1129,17407.15,Estandar,59.81,170.18
1130,9098.75,Basico,52.57,198.15
1131,13863.68,Estandar,28.66,113.0
1132,17290.7,Basico,45.08,118.6
1133,14912.45,Basico,48.76,179.93
1134,30748.54,Basico,42.34,149.85
1135,17894.91,Basico,72.23,256.81
1136,29761.04,Basico,57.2,187.52
1137,19372.24,Premium,70.6,218.82
1138,19206.99,Premium,53.95,167.98
1139,18378.21,Estandar,51.22,165.33
1140,18983.56,Basico,35.95,131.92
1141,34598.94,Premium,50.18,179.25
1142,8418.07,Estandar,50.2,170.84
1143,9409.35,Basico,29.49,100.85
1144,15676.06,Estandar,41.91,141.13
1145,19055.0,Estandar,45.15,222.66
1146,24137.85,Basico,56.2,174.96
1147,22372.34,Basico,56.92,182.5
1148,16572.73,Estandar,41.28,230.32
1149,27083.1,Basico,57.03,207.33
1150,27189.02,Basico,47.27,132.03
1151,20219.85,Basico,6.96,62.63
1152,26553.85,Empresarial,42.73,129.71
1153,20856.6,Basico,66.18,247.9
1154,15575.91,Basico,24.77,91.52
1155,24203.1,Basico,51.69,169.25
1156,19706.71,Premium,73.78,288.94
1157,18967.25,Estandar,38.59,153.79
1158,31746.37,Premium,50.03,199.42
1159,8040.08,Basico,30.44,125.24
1160,11542.72,Basico,74.41,239.56
1161,12513.02,Estandar,48.75,186.41
1162,16694.9,Basico,50.7,207.4
1163,17342.01,Premium,70.31,241.34
1164,11186.2,Premium,59.92,250.8
1165,13429.31,Estandar,36.87,155.55
1166,14026.52,Empresarial,40.29,150.2
1167,44806.05,Estandar,57.42,204.3
1168,35618.12,Basico,40.64,149.41
1169,16413.96,Estandar,18.24,45.27
1170,16693.02,Basico,49.2,170.27
1171,12679.97,Premium,27.8,111.7
1172,9722.08,Basico,74.24,239.75
1173,18198.45,Basico,52.65,191.66
1174,13369.77,Estandar,36.42,133.44
1175,18403.61,Basico,39.52,161.86
1176,10828.4,Basico,21.66,103.72
1177,14520.39,Estandar,33.51,128.05
1178,19970.66,Basico,65.24,188.08
1179,21550.91,Estandar,83.48,323.55
1180,21941.06,Basico,60.9,205.23
1181,11942.14,Basico,48.62,168.7
1182,25569.1,Basico,43.52,146.35
1183,14327.35,Premium,35.65,118.31
1184,23659.03,Empresarial,80.9,309.38
1185,18887.89,Basico,47.17,200.87
1186,11710.77,Empresarial,81.73,284.49
1187,16972.18,Estandar,70.9,237.11
1188,21544.53,Estandar,23.89,109.53
1189,23494.88,Estandar,40.01,145.88
1190,18045.55,Estandar,39.96,139.13
1191,32406.77,Premium,48.8,179.74
1192,26974.0,Estandar,49.1,161.17
1193,17329.6,Estandar,94.94,320.63
1194,24650.26,Basico,33.84,130.01
1195,37302.95,Basico,53.43,200.72
1196,37653.06,Estandar,59.25,188.19
1197,12335.05,Basico,49.98,192.68
1198,13707.71,Basico,51.65,157.47
1199,31879.6,Basico,34.33,112.1
1200,13089.97,Basico,51.6,166.73
1201,11933.57,Estandar,57.67,171.98
1202,15991.81,Estandar,54.91,215.62
1203,21962.23,Basico,58.55,177.29
1204,18290.94,Basico,71.19,223.21
1205,15097.78,Basico,64.05,249.95
1206,14973.33,Basico,51.07,164.05
1207,14774.85,Estandar,32.42,115.81
1208,13935.18,Estandar,41.0,121.8
1209,42132.37,Estandar,46.71,185.61
1210,21038.91,Estandar,53.79,207.9
1211,25857.75,Empresarial,42.83,171.23
1212,15975.68,Premium,35.96,144.93
1213,17763.75,Estandar,32.18,121.59
1214,14768.56,Estandar,25.23,85.11
1215,7494.33,Basico,46.48,143.7
1216,11704.13,Empresarial,27.96,138.91
1217,10059.61,Basico,34.99,147.6
1218,8626.34,Basico,44.09,139.35
1219,12476.78,Empresarial,29.96,113.88
1220,30143.8,Estandar,55.7,185.16
1221,18665.78,Basico,61.1,181.22
1222,29783.13,Basico,41.76,153.89
1223,21891.29,Basico,43.44,144.29
1224,24931.71,Estandar,58.06,176.18
1225,13831.25,Basico,39.29,104.82
1226,22774.18,Empresarial,38.26,99.51
1227,24466.25,Empresarial,67.95,221.35
1228,15493.46,Estandar,63.26,213.99
1229,23059.64,Estandar,59.02,181.09
1230,23113.35,Basico,63.88,234.31
1231,15641.09,Basico,20.34,81.42
1232,12797.83,Estandar,70.31,252.38
1233,12525.92,Basico,55.88,188.66
1234,19541.13,Basico,65.16,202.32
1235,21257.25,Basico,55.81,195.86
1236,14365.95,Basico,50.73,145.71
1237,19135.58,Basico,45.87,175.68
1238,23148.56,Estandar,55.51,168.64
1239,23537.89,Premium,45.32,183.46
1240,32635.57,Estandar,63.02,206.89
1241,29641.87,Premium,26.2,127.79
1242,13353.69,Basico,41.88,121.75
1243,34175.19,Premium,80.67,253.14
1244,15743.11,Estandar,40.61,155.41
1245,27329.05,Basico,46.42,
1246,19414.89,Empresarial,36.76,175.63
1247,16411.67,Basico,55.04,191.65
1248,10069.9,Basico,38.96,186.71
1249,17853.46,Basico,47.22,159.13
1250,10984.23,Basico,62.73,241.94
1251,26597.03,Basico,39.52,118.95
1252,32237.24,Estandar,61.83,222.18
1253,14343.92,Premium,62.33,154.69
1254,21071.78,Basico,65.82,196.02
1255,14707.5,Estandar,52.11,193.2
1256,15214.9,Basico,98.62,292.91
1257,24861.44,Premium,65.82,234.71
1258,18704.35,Basico,54.87,212.77
1259,34852.38,Basico,36.86,121.74
1260,16014.0,Estandar,48.54,146.26
1261,26896.94,Estandar,71.39,229.47
1262,19615.88,Premium,75.64,230.35
1263,25047.32,Estandar,72.17,241.21
1264,16211.8,Premium,61.78,214.06
1265,18632.35,Basico,31.17,108.96
1266,18207.25,Basico,57.31,239.51
1267,14148.73,Basico,31.38,99.29
1268,23902.27,Basico,27.69,140.62
1269,23803.48,Basico,53.59,160.09
1270,23335.8,Estandar,57.85,201.15
1271,32465.65,Basico,63.55,246.58
1272,31485.13,Estandar,57.46,226.4
1273,16626.77,Estandar,57.97,189.21
1274,21602.59,Estandar,35.23,143.09
1275,15240.93,Estandar,48.43,180.65
1276,19113.96,Basico,27.39,91.42
1277,15368.69,Basico,19.95,97.24
1278,33423.84,Estandar,61.11,256.0
1279,21531.98,Estandar,38.7,151.77
1280,17565.46,Basico,63.09,229.73
1281,28789.51,Basico,66.63,243.34
1282,8868.71,Estandar,40.71,109.68
1283,9368.09,Estandar,58.85,213.96
1284,25047.86,Basico,40.08,118.84
1285,19363.86,Basico,22.31,74.42
1286,20695.18,Premium,51.85,234.78
1287,11917.48,Basico,42.94,146.77
1288,18804.81,Premium,43.4,136.03
1289,38224.36,Basico,79.63,295.67
1290,25297.73,Estandar,27.11,80.36
1291,20118.54,Basico,55.74,181.62
1292,16257.85,Basico,35.08,159.97
1293,16512.94,Premium,63.62,218.3
1294,8998.21,Estandar,54.48,149.84
1295,20747.36,Empresarial,55.69,206.24
1296,25486.88,Basico,35.83,121.15
1297,10921.99,Premium,38.52,177.9
1298,15040.53,Premium,63.91,202.96
1299,12643.36,Estandar,76.56,283.62
1300,13522.73,Basico,57.2,241.73
1301,19316.57,Estandar,36.54,112.0
1302,9140.4,Estandar,55.08,185.93
1303,23505.62,Empresarial,86.41,297.59
1304,24682.49,Basico,51.54,158.33
1305,17363.3,Basico,71.93,249.73
1306,7956.56,Basico,38.9,134.95
1307,13376.48,Estandar,49.37,166.92
1308,29188.08,Empresarial,59.29,205.03
1309,7170.29,Basico,55.96,195.26
1310,16787.11,Estandar,38.5,143.46
1311,12544.02,Premium,37.86,122.39
1312,25124.52,Basico,64.82,207.08
1313,14968.6,Basico,67.87,227.44
1314,21837.5,Estandar,72.68,244.2
1315,23107.47,Estandar,77.06,247.91
1316,36050.61,Basico,52.02,189.36
1317,17658.46,Premium,45.33,115.16
1318,21625.22,Estandar,70.26,219.56
1319,11273.73,Premium,60.7,201.16
1320,28757.24,Premium,35.26,107.91
1321,14527.84,Premium,34.5,167.67
1322,15579.89,Estandar,57.38,198.35
1323,18811.3,Basico,47.34,171.18
1324,10970.78,Estandar,49.6,161.69
1325,20538.77,Basico,66.09,224.48
1326,26598.58,Estandar,61.39,179.91
1327,21005.23,Basico,69.95,232.59
1328,10871.35,Estandar,21.03,61.76
1329,18154.37,Basico,53.8,179.85
1330,24580.53,Basico,60.42,143.31
1331,9825.18,Basico,27.1,
1332,13014.66,Estandar,40.18,181.15
1333,25765.46,Premium,37.39,156.68
1334,20838.0,Basico,50.33,208.98
1335,21898.86,Premium,74.42,285.39
1336,36345.41,Premium,80.34,
1337,22336.86,Basico,37.79,125.81
1338,23867.21,Estandar,57.9,173.55
1339,48960.1,Basico,58.38,229.65
1340,17591.45,Basico,55.81,194.64
1341,14339.04,Estandar,55.98,255.9
1342,22020.49,Basico,54.56,180.0
1343,22106.94,Premium,75.31,302.79
1344,15766.61,Premium,66.54,222.34
1345,13209.1,Premium,34.1,159.1
1346,42550.44,Estandar,61.94,254.42
1347,21256.02,Estandar,63.39,190.92
1348,14672.06,Empresarial,54.72,177.52
1349,26123.11,Basico,66.97,201.79
1350,18247.79,Basico,52.82,153.0
1351,17352.49,Estandar,53.01,201.0
1352,23081.7,Basico,51.82,175.72
1353,12062.31,Basico,19.73,82.46
1354,21448.7,Basico,48.79,185.17
1355,37031.87,Estandar,39.98,97.49
1356,22318.3,Basico,32.2,152.0
1357,16619.4,Basico,71.51,232.95
1358,15875.2,Basico,57.56,211.76
1359,16422.06,Basico,49.55,189.13
1360,17345.93,Premium,41.53,183.01
1361,16610.12,Basico,54.44,186.15
1362,26126.59,Estandar,64.87,168.01
1363,10335.88,Premium,37.6,137.97
1364,25634.64,Basico,49.93,179.79
1365,16599.2,Premium,63.02,189.51
1366,21632.06,Estandar,20.96,88.66
1367,12778.95,Estandar,49.14,163.3
1368,30182.6,Basico,43.56,121.47
1369,29318.45,Basico,47.99,185.56
1370,26525.36,Empresarial,42.48,137.58
1371,11157.15,Premium,52.06,171.24
1372,25341.34,Empresarial,78.85,252.88
1373,21844.39,Premium,45.14,190.82
1374,10809.22,Basico,54.38,187.54
1375,18797.81,Premium,79.92,269.73
1376,21538.28,Estandar,41.75,138.41
1377,23031.69,Premium,77.22,270.95
1378,20171.81,Basico,50.08,208.98
1379,20992.72,Basico,76.73,274.05
1380,31753.68,Premium,61.25,227.06
1381,29118.0,Premium,54.61,204.44
1382,6950.24,Estandar,49.02,137.44
1383,16964.81,Basico,40.64,124.08
1384,17896.71,Basico,51.14,173.4
1385,10267.77,Empresarial,63.46,198.58
1386,19593.71,Basico,49.8,147.78
1387,29350.51,Basico,45.25,113.47
1388,12961.01,Estandar,46.24,129.68
1389,21327.24,Basico,64.89,214.74
1390,13759.18,Estandar,68.38,230.23
1391,14985.39,Basico,39.99,124.15
1392,31795.75,Premium,39.97,145.88
1393,15679.43,Premium,55.69,181.79
1394,22287.35,Empresarial,72.91,273.29
1395,9848.49,Estandar,67.19,224.25
1396,36381.33,Basico,31.22,134.2
1397,23410.23,Estandar,46.04,167.8
1398,17785.26,Premium,36.04,96.68
1399,23189.18,Estandar,45.99,160.29
1400,11574.54,Estandar,74.07,218.71
1401,28678.01,Estandar,28.66,106.15
1402,16925.99,Estandar,25.72,81.09
1403,17651.49,Estandar,37.57,146.02
1404,15961.27,Basico,54.31,154.8
1405,15471.76,Estandar,59.31,204.23
1406,24176.46,Estandar,56.56,209.65
1407,20734.77,Basico,67.64,252.36
1408,23815.97,Premium,23.55,73.91
1409,18900.09,Estandar,67.83,230.7
1410,22688.65,Basico,45.32,165.09
1411,16373.23,Premium,60.97,247.69
1412,41373.93,Estandar,30.15,76.43
1413,10951.42,Premium,50.07,152.45
1414,29475.89,Basico,53.54,256.1
1415,30600.38,Premium,67.34,221.91
1416,14069.22,Basico,26.22,54.01
1417,41367.29,Estandar,50.46,161.87
1418,26860.76,Basico,33.72,55.31
1419,26632.8,Estandar,57.58,204.53
1420,19145.21,Estandar,61.66,231.39
1421,17570.4,Estandar,69.31,212.06
1422,17618.54,Estandar,41.97,138.35
1423,21735.14,Premium,63.91,241.21
1424,30958.88,Estandar,70.41,194.53
1425,20200.45,Basico,25.35,65.55
1426,13780.29,Empresarial,59.19,197.77
1427,25299.74,Estandar,64.38,200.76
1428,26170.88,Empresarial,46.12,155.62
1429,23840.26,Empresarial,31.84,87.11
1430,24610.41,Premium,64.14,224.21
1431,17243.23,Premium,32.01,115.49
1432,13695.93,Estandar,47.32,180.44
1433,13990.48,Basico,49.4,178.14
1434,10695.6,Estandar,60.73,213.44
1435,20597.64,Premium,40.6,109.7
1436,18412.64,Estandar,39.73,155.48
1437,16252.54,Premium,51.48,171.33
1438,6738.1,Basico,65.1,217.63
1439,12251.93,Basico,84.31,307.57
1440,28065.44,Estandar,27.39,86.92
1441,15023.65,Basico,54.73,223.44
1442,21508.58,Basico,33.7,160.59
1443,11652.31,Basico,65.28,241.19
1444,31368.11,Premium,35.92,106.84
1445,18026.36,Estandar,39.88,88.97
1446,20983.97,Basico,41.16,174.57
1447,42788.43,Basico,48.86,174.24
1448,32233.26,Estandar,54.85,171.4
1449,17029.49,Basico,57.26,226.83
1450,15403.85,Estandar,49.91,153.19
1451,16916.75,Premium,30.05,102.56
1452,22662.44,Basico,60.92,221.96
1453,18272.85,Estandar,49.21,144.7
1454,16509.06,Basico,67.43,226.28
1455,31682.3,Basico,39.38,169.32
1456,18215.47,Premium,25.97,105.77
1457,42397.99,Estandar,49.49,204.6
1458,19570.13,Premium,69.44,263.6
1459,35413.96,Basico,52.41,182.68
1460,21483.96,Basico,47.0,107.3
1461,266864.69,Estandar,36.94,106.88
1462,14711.52,Estandar,76.37,275.82
1463,14061.34,Empresarial,34.56,88.37
1464,22267.8,Basico,39.12,133.1
1465,26795.62,Premium,58.55,209.97
1466,19227.36,Premium,22.16,125.43
1467,12085.51,Estandar,69.12,219.89
1468,11777.07,Basico,59.36,187.94
1469,11504.6,Estandar,63.49,215.5
1470,10212.14,Basico,58.37,209.73
1471,19698.94,Premium,47.58,163.65
1472,28106.76,Estandar,34.05,151.8
1473,18869.54,Premium,47.9,148.51
1474,8594.3,Estandar,35.37,132.66
1475,17733.91,Estandar,57.29,208.74
1476,17908.31,Estandar,62.1,202.51
1477,39481.98,Estandar,72.15,264.66
1478,11384.43,Premium,55.58,196.01
1479,16535.47,Basico,63.87,237.71
1480,34442.57,Empresarial,45.54,166.04
1481,22192.12,Premium,42.83,162.17
1482,23090.11,Premium,57.11,181.22
1483,19734.12,Estandar,44.2,141.26
1484,21279.09,Premium,54.04,218.13
1485,24888.55,Basico,34.08,141.54
1486,14280.92,Premium,36.78,108.43
1487,25779.13,Basico,59.53,209.07
1488,11724.65,Basico,63.3,156.89
1489,21267.36,Basico,35.22,114.82
1490,20182.26,Basico,60.06,230.21
1491,15279.96,Basico,42.01,147.1
1492,18808.42,Premium,50.25,178.72
1493,15246.59,Basico,71.25,165.48
1494,13028.63,Estandar,62.11,202.74
1495,16751.36,Basico,61.94,220.46
1496,12882.23,Premium,78.63,275.39
1497,21225.94,Premium,39.44,166.33
1498,12676.06,Basico,35.21,123.9
1499,24323.35,Estandar,39.17,137.28
1500,12537.54,Premium,46.18,129.86
1501,15549.7,Premium,14.68,60.4
1502,15235.58,Basico,46.89,133.82
1503,30145.81,Estandar,41.83,103.48
1504,21281.67,Premium,61.76,184.32
1505,17604.21,Basico,55.29,229.1
1506,22573.95,Premium,40.99,140.3
1507,9067.78,Basico,58.85,207.93
1508,18674.29,Premium,60.85,195.79
1509,38144.24,Basico,38.47,94.5
1510,19857.19,Basico,42.6,175.48
1511,19414.39,Empresarial,16.62,17.22
1512,22967.72,Premium,33.64,110.41
1513,25937.93,Premium,38.86,139.11
1514,9422.79,Empresarial,51.11,184.21
1515,10521.6,Basico,35.82,112.88
1516,20406.36,Basico,42.3,105.18
1517,14761.73,Basico,31.62,97.99
1518,30007.69,Estandar,52.57,164.24
1519,16978.26,Basico,56.39,175.47
1520,9632.66,Empresarial,56.04,217.96
1521,12163.5,Basico,50.19,145.23
1522,7241.72,Basico,26.88,110.86
1523,17466.78,Basico,40.7,150.13
1524,17748.66,Basico,43.89,180.07
1525,16341.09,Basico,43.95,152.92
1526,27656.27,Estandar,51.12,198.26
1527,28838.94,Basico,71.38,236.98
1528,17860.81,Estandar,62.18,223.62
1529,8980.92,Premium,35.19,91.51
1530,23530.4,Estandar,60.18,140.59
1531,23025.93,Estandar,59.6,214.21
1532,21126.58,Basico,37.91,148.3
1533,26729.36,Basico,62.73,226.36
1534,12610.82,Basico,47.59,154.42
1535,38294.61,Empresarial,28.85,146.68
1536,13550.79,Estandar,56.83,184.67
1537,24642.5,Basico,53.25,195.61
1538,10503.13,Estandar,46.58,179.28
1539,13689.81,Premium,49.44,216.23
1540,32232.45,Estandar,39.21,133.64
1541,17303.86,Estandar,59.15,187.04
1542,25437.33,Premium,49.35,135.53
1543,20597.69,Estandar,52.5,221.55
1544,18274.55,Estandar,55.36,202.14
1545,30556.96,Basico,32.68,132.64
1546,17451.3,Basico,36.59,211.33
1547,10165.37,Empresarial,16.85,80.36
1548,14312.18,Estandar,58.47,168.7
1549,22992.36,Basico,31.82,113.73
1550,21773.05,Estandar,51.99,156.79
1551,10954.76,Basico,55.56,182.35
1552,14712.9,Premium,59.04,192.94
1553,15465.97,Basico,31.94,104.34
1554,16682.0,Premium,49.02,137.14
1555,11712.71,Estandar,75.05,292.48
1556,15215.5,Basico,75.71,262.19
1557,14690.94,Basico,64.81,215.27
1558,24835.68,Premium,55.06,209.63
1559,25164.57,Basico,34.92,140.04
1560,18015.11,Basico,60.78,215.31
1561,16527.58,Premium,47.63,184.78
1562,19909.92,Basico,58.41,204.41
1563,14245.53,Basico,40.51,162.33
1564,12690.5,Basico,47.41,185.79
1565,13642.19,Premium,52.46,186.7
1566,15181.23,Basico,53.69,180.94
1567,12616.8,Basico,57.41,236.22
1568,20064.77,Basico,41.31,136.12
1569,24474.83,Basico,29.85,122.32
1570,10878.19,Basico,74.37,260.9
1571,19125.83,Basico,87.34,275.51
1572,17553.74,Basico,56.71,175.61
1573,21365.4,Basico,30.14,104.59
1574,18872.69,Premium,38.4,126.74
1575,11398.54,Basico,57.64,162.22
1576,12187.47,Basico,70.12,221.07
1577,19154.6,Premium,31.81,125.26
1578,27175.56,Premium,48.14,200.87
1579,97239.75,Estandar,52.94,197.97
1580,21396.96,Basico,62.97,150.21
1581,28749.27,Basico,44.85,175.06
1582,17969.68,Basico,26.54,88.33
1583,22984.4,Basico,59.32,215.21
1584,14822.86,Basico,66.87,226.95
1585,18182.63,Estandar,48.76,166.34
1586,10750.21,Basico,56.08,191.29
1587,8345.52,Estandar,42.88,152.38
1588,26369.62,Basico,37.31,169.28
1589,13430.07,Basico,65.4,222.24
1590,16164.38,Premium,55.81,220.16
1591,11669.63,Premium,57.36,221.3
1592,11573.93,Basico,72.53,261.52
1593,17839.26,Estandar,34.18,81.28
1594,14685.97,Basico,41.72,177.25
1595,21639.81,Basico,52.37,170.9
1596,22212.01,Estandar,41.54,166.65
1597,21211.47,Basico,61.75,187.1
1598,20609.56,Basico,47.19,136.66
1599,32932.62,Estandar,35.11,178.26
1600,13047.37,Basico,50.99,154.13
1601,18597.32,Basico,52.56,
1602,28182.08,Basico,64.02,221.42
1603,29513.08,Empresarial,55.9,182.78
1604,11526.25,Estandar,56.92,195.32
1605,16995.02,Basico,54.8,157.37
1606,30495.74,Basico,47.18,165.9
1607,22648.02,Estandar,39.26,114.63
1608,20299.31,Basico,54.33,178.54
1609,17567.58,Estandar,45.0,182.64
1610,16575.31,Premium,75.35,259.93
1611,20970.6,Basico,70.13,200.36
1612,17355.57,Basico,59.49,225.71
1613,18677.92,Basico,55.68,192.42
1614,19487.13,Basico,48.68,157.36
1615,14953.12,Basico,31.08,135.02
1616,22839.47,Premium,46.76,160.77
1617,52574.45,Basico,51.52,150.57
1618,10178.72,Estandar,53.44,231.86
1619,21234.96,Estandar,57.04,196.4
1620,14529.46,Basico,63.82,215.81
1621,23204.25,Basico,39.62,132.69
1622,19269.81,Basico,39.75,172.74
1623,24751.69,Estandar,71.76,229.34
1624,28607.59,Basico,61.56,172.23
1625,20279.13,Estandar,44.14,139.86
1626,28175.79,Premium,48.39,203.18
1627,8345.65,Premium,48.46,191.03
1628,33079.15,Empresarial,50.47,170.09
1629,21617.79,Premium,57.09,231.31
1630,27646.24,Premium,88.02,311.58
1631,12370.17,Premium,52.85,177.16
1632,14174.93,Estandar,59.94,201.66
1633,19951.88,Premium,24.7,104.81
1634,18845.64,Empresarial,42.73,131.65
1635,20932.83,Estandar,68.43,232.25
1636,27710.88,Estandar,56.03,201.42
1637,10220.73,Estandar,5.0,5.0
1638,26657.79,Premium,60.11,201.61
1639,19013.39,Basico,78.77,256.62
1640,17653.27,Premium,20.06,107.89
1641,11328.87,Premium,72.79,199.54
1642,22608.18,Empresarial,8.42,36.57
1643,8144.21,Basico,64.07,206.57
1644,23788.03,Estandar,49.87,198.6
1645,11245.95,Premium,14.75,64.64
1646,19316.41,Empresarial,56.69,240.65
1647,18183.88,Premium,67.26,245.07
1648,28547.89,Estandar,55.46,181.67
1649,17809.2,Estandar,58.77,208.19
1650,14869.26,Basico,43.82,147.01
1651,15877.99,Empresarial,22.08,109.93
1652,29599.39,Basico,60.38,173.87
1653,22872.81,Estandar,76.25,235.77
1654,16564.71,Premium,66.94,238.92
1655,17452.6,Basico,20.18,113.21
1656,10954.31,Basico,27.28,49.51
1657,21719.5,Basico,37.31,170.02
1658,10240.08,Premium,26.11,97.42
1659,24664.71,Estandar,50.66,129.96
1660,19831.32,Basico,55.9,118.25
1661,43714.41,Estandar,28.55,70.26
1662,12899.61,Basico,61.66,210.64
1663,18289.24,Premium,59.02,201.3
1664,35575.08,Basico,41.78,165.34
1665,28767.06,Basico,47.41,153.24
1666,14858.48,Basico,20.75,56.63
1667,20504.27,Estandar,45.02,149.22
1668,18971.63,Estandar,50.11,176.18
1669,20924.68,Premium,52.53,188.62
1670,14845.65,Estandar,55.68,172.89
1671,18374.84,Basico,53.66,208.89
1672,10836.57,Basico,46.03,147.17
1673,19876.5,Basico,54.29,166.57
1674,22192.45,Premium,65.03,208.03
1675,17507.83,Basico,48.57,197.43
1676,10772.29,Empresarial,54.76,186.45
1677,26795.42,Basico,47.21,148.98
1678,21538.21,Basico,40.3,168.08
1679,14704.29,Basico,57.84,252.88
1680,17184.96,Basico,41.67,154.42
1681,11212.29,Premium,55.79,223.8
1682,13241.44,Estandar,50.42,202.22
1683,15705.5,Basico,45.44,145.73
1684,345603.71,Estandar,45.08,160.41
1685,15156.33,Estandar,42.38,119.31
1686,23720.02,Empresarial,25.31,93.35
1687,15702.72,Empresarial,55.74,177.15
1688,20677.09,Estandar,53.47,175.69
1689,18042.97,Premium,62.75,195.76
1690,25734.04,Premium,42.03,143.11
1691,15722.0,Estandar,78.43,276.44
1692,10933.81,Estandar,44.3,154.35
1693,11688.0,Basico,36.87,87.7
1694,15738.15,Premium,35.09,110.14
1695,12244.46,Empresarial,23.99,56.39
1696,21885.38,Basico,72.99,252.37
1697,16106.55,Premium,70.57,251.34
1698,43525.94,Empresarial,59.01,209.35
1699,10319.6,Basico,36.56,113.65
1700,20358.86,Estandar,77.17,265.4
1701,12774.63,Premium,44.72,
1702,15951.52,Empresarial,45.96,134.03
1703,19920.34,Basico,71.56,260.38
1704,8401.12,Basico,59.88,226.09
1705,20596.76,Estandar,83.02,301.07
1706,36901.87,Basico,53.73,171.36
1707,16176.2,Basico,44.04,186.02
1708,20763.1,Basico,40.82,134.21
1709,27138.88,Basico,22.3,105.45
1710,17901.08,Estandar,45.82,149.27
1711,15470.09,Estandar,67.17,222.62
1712,8548.34,Estandar,58.98,142.32
1713,23726.47,Premium,50.3,168.4
1714,18222.11,Basico,35.08,131.01
1715,13300.55,Basico,53.4,175.3
1716,19817.27,Basico,65.19,266.0
1717,15455.37,Basico,56.46,165.97
1718,15757.17,Basico,52.5,168.66
1719,23440.06,Basico,38.05,115.32
1720,11867.59,Basico,63.01,201.23
1721,27352.42,Basico,5.0,61.29
1722,11623.8,Estandar,55.74,229.75
1723,15033.77,Estandar,88.55,277.0
1724,37161.6,Empresarial,27.37,86.79
1725,28129.5,Premium,46.38,134.85
1726,19617.19,Estandar,49.88,207.29
1727,13640.72,Basico,43.06,181.52
1728,15752.51,Estandar,65.55,220.54
1729,19450.86,Basico,57.09,162.07
1730,19208.98,Basico,52.28,149.42
1731,18364.88,Basico,61.96,216.34
1732,18754.87,Basico,50.25,189.51
1733,17587.94,Basico,97.7,271.21
1734,11444.99,Estandar,52.27,174.0
1735,15823.02,Premium,52.93,224.54
1736,26111.17,Premium,24.34,90.03
1737,11743.83,Estandar,41.85,186.97
1738,17741.39,Estandar,67.21,244.58
1739,14229.69,Basico,29.97,85.79
1740,19711.8,Estandar,17.64,67.36
1741,16547.3,Estandar,50.48,173.29
1742,31795.75,Basico,70.56,214.93
1743,22636.16,Basico,50.64,152.72
1744,11978.5,Empresarial,44.96,197.04
1745,23978.91,Estandar,22.12,64.15
1746,14456.1,Estandar,56.78,222.99
1747,15491.57,Estandar,59.92,194.84
1748,21159.34,Basico,23.27,91.51
1749,15960.76,Estandar,67.02,241.8
1750,25912.99,Basico,61.49,195.64
1751,14456.82,Basico,66.98,241.85
1752,15265.78,Estandar,58.75,150.97
1753,15067.12,Basico,59.81,216.39
1754,15553.27,Premium,57.81,137.5
1755,27853.59,Basico,63.03,209.71
1756,23625.42,Estandar,22.72,111.78
1757,34491.92,Estandar,27.48,120.76
1758,41926.59,Estandar,38.96,108.32
1759,13216.87,Estandar,48.05,139.72
1760,19431.42,Empresarial,55.82,175.83
1761,12560.72,Estandar,54.87,194.75
1762,14441.16,Estandar,66.76,176.15
1763,15206.39,Estandar,67.23,228.07
1764,13095.13,Basico,36.91,142.22
1765,13119.3,Basico,53.58,179.02
1766,18024.74,Basico,37.28,148.71
1767,12383.85,Basico,47.18,171.84
1768,25456.96,Basico,54.83,176.42
1769,13749.89,Basico,5.0,5.0
1770,50683.17,Estandar,86.17,290.46
1771,16187.84,Basico,58.5,177.51
1772,19442.3,Premium,41.06,132.84
1773,12047.72,Basico,78.91,276.6
1774,34445.45,Estandar,44.79,194.28
1775,28052.28,Basico,51.99,180.21
1776,21034.53,Estandar,42.69,166.2
1777,11832.66,Basico,74.78,215.71
1778,20409.04,Estandar,48.43,176.26
1779,12803.82,Basico,52.24,180.45
1780,31628.83,Empresarial,68.06,261.71
1781,25165.22,Basico,58.78,188.7
1782,19602.33,Estandar,49.18,166.43
1783,8080.98,Basico,66.66,253.1
1784,13437.5,Estandar,88.08,290.74
1785,24118.06,Estandar,54.76,162.04
1786,28984.29,Basico,51.75,244.22
1787,27951.03,Basico,52.56,155.97
1788,10859.5,Basico,69.66,234.32
1789,21068.69,Basico,41.01,155.8
1790,27049.68,Empresarial,45.83,168.75
1791,10610.32,Basico,26.94,98.77
1792,18905.98,Basico,32.24,115.33
1793,20865.34,Empresarial,42.23,145.05
1794,17064.1,Basico,49.16,144.5
1795,9914.4,Basico,76.54,311.02
1796,16915.84,Estandar,58.04,194.42
1797,16906.33,Premium,36.32,147.51
1798,18000.86,Estandar,39.08,132.78
1799,15565.08,Estandar,70.62,230.06
1800,16235.34,Empresarial,66.9,216.0
1801,18696.71,Basico,50.42,137.56
1802,22133.76,Empresarial,43.36,150.41
1803,17042.25,Premium,66.87,217.13
1804,16426.04,Premium,35.1,158.1
1805,19581.17,Basico,55.88,163.31
1806,9678.67,Basico,84.09,266.25
1807,22403.27,Estandar,53.08,162.09
1808,18954.62,Estandar,38.37,175.0
1809,19223.58,Estandar,56.16,172.35
1810,26535.98,Premium,42.95,167.2
1811,9571.21,Estandar,29.09,134.43
1812,9501.06,Basico,60.52,203.95
1813,20865.06,Basico,66.77,192.56
1814,18911.19,Basico,45.34,126.44
1815,20121.86,Basico,44.34,178.95
1816,16127.09,Basico,35.58,98.77
1817,23921.28,Premium,47.75,177.83
1818,26276.32,Estandar,41.56,151.71
1819,22457.81,Estandar,34.83,137.42
1820,17304.3,Basico,78.38,274.78
1821,9066.2,Estandar,57.0,173.35
1822,24815.72,Premium,58.59,177.23
1823,29074.16,Premium,63.25,233.95
1824,23756.12,Estandar,61.57,195.12
1825,13934.53,Premium,43.8,87.04
1826,24000.45,Estandar,54.09,203.89
1827,25621.46,Estandar,45.96,136.58
1828,32714.89,Premium,56.58,207.07
1829,13951.77,Basico,55.13,225.71
1830,17513.74,Basico,44.26,157.63
1831,24625.68,Basico,30.06,138.08
1832,19343.15,Estandar,52.19,185.64
1833,12822.23,Estandar,46.94,205.19
1834,21919.14,Estandar,21.64,60.55
1835,23214.48,Basico,57.61,198.4
1836,19551.1,Basico,64.48,236.72
1837,20472.85,Premium,87.93,287.81
1838,17317.16,Basico,44.13,185.61
1839,31805.6,Premium,41.92,139.15
1840,13832.24,Basico,33.36,175.15
1841,15435.69,Estandar,53.13,237.76
1842,19031.39,Estandar,53.03,191.46
1843,25787.21,Premium,37.83,151.09
1844,11225.23,Basico,47.38,196.66
1845,11984.82,Premium,20.32,53.31
1846,9290.94,Estandar,63.9,185.28
1847,19176.55,Estandar,38.44,
1848,12817.84,Estandar,49.48,180.24
1849,16570.97,Basico,28.6,103.0
1850,23896.38,Estandar,41.26,148.2
1851,15145.52,Basico,45.81,102.35
1852,20556.83,Basico,49.83,169.71
1853,17072.63,Estandar,57.2,178.48
1854,23986.35,Estandar,71.59,264.87
1855,22388.32,Basico,60.99,233.95
1856,14880.74,Basico,64.43,234.16
1857,17871.67,Basico,71.69,252.13
1858,27318.25,Basico,58.55,164.06
1859,21756.81,Estandar,49.45,188.06
1860,11626.74,Basico,65.14,237.66
1861,23848.25,Premium,66.1,256.02
1862,12969.9,Basico,59.73,258.11
1863,31081.86,Basico,28.18,65.05
1864,27131.06,Premium,37.38,126.16
1865,20982.83,Basico,45.88,143.66
1866,20030.9,Basico,61.69,215.57
1867,17620.86,Empresarial,49.68,174.34
1868,24040.22,Empresarial,67.05,222.01
1869,16651.03,Estandar,69.73,261.85
1870,20587.71,Basico,67.99,203.23
1871,25723.93,Estandar,68.08,205.03
1872,15574.15,Empresarial,34.45,101.17
1873,15280.5,Empresarial,57.24,188.43
1874,12481.12,Basico,40.89,116.04
1875,13061.63,Basico,25.26,97.1
1876,9997.21,Basico,45.69,157.5
1877,24475.8,Basico,69.87,216.94
1878,35707.64,Estandar,56.91,218.27
1879,31221.59,Basico,80.27,267.34
1880,10730.77,Basico,52.66,209.81
1881,24433.22,Basico,86.72,283.95
1882,31186.4,Estandar,52.66,182.65
1883,16157.13,Basico,50.34,161.98
1884,19643.59,Basico,30.81,115.33
1885,9388.47,Basico,66.66,244.45
1886,20813.51,Empresarial,42.47,141.37
1887,13065.81,Basico,40.29,157.87
1888,20330.39,Estandar,69.22,214.26
1889,10977.24,Basico,67.37,247.83
1890,22925.39,Basico,66.98,213.14
1891,27134.99,Basico,44.57,179.45
1892,14413.02,Basico,49.24,174.15
1893,12734.59,Basico,49.1,210.24
1894,8914.12,Estandar,61.74,182.54
1895,17270.5,Estandar,73.3,210.34
1896,15466.66,Basico,55.52,176.71
1897,11016.43,Basico,79.62,232.22
1898,22215.75,Estandar,63.46,182.15
1899,16195.85,Basico,46.48,179.62
1900,13010.25,Basico,62.43,213.43
1901,15613.63,Basico,75.59,242.33
1902,27583.05,Basico,79.97,258.25
1903,23412.56,Estandar,67.8,215.26
1904,18114.91,Empresarial,50.39,217.45
1905,23545.42,Empresarial,46.75,146.54
1906,105457.71,Empresarial,58.64,168.73
1907,19174.37,Basico,75.11,272.74
1908,19961.54,Basico,56.51,189.78
1909,16083.63,Basico,56.82,247.11
1910,22079.62,Basico,50.77,164.23
1911,14426.88,Basico,45.08,180.9
1912,22661.83,Basico,47.57,194.52
1913,22997.72,Estandar,52.03,168.26
1914,6829.41,Basico,75.77,236.32
1915,28756.15,Basico,46.4,182.39
1916,6524.56,Estandar,50.79,191.82
1917,15281.26,Basico,37.02,99.49
1918,27142.93,Premium,60.75,180.11
1919,16965.71,Basico,70.5,175.14
1920,11348.43,Estandar,74.37,265.42
1921,12928.53,Basico,53.05,177.91
1922,27157.73,Estandar,58.62,197.65
1923,9676.67,Basico,47.7,125.57
1924,28145.62,Basico,57.92,172.1
1925,18596.23,Estandar,54.71,177.65
1926,12489.73,Basico,50.87,160.9
1927,15458.43,Basico,52.07,184.35
1928,13279.43,Premium,56.78,210.6
1929,25672.58,Basico,45.59,218.06
1930,24498.07,Estandar,46.36,
1931,10386.83,Estandar,75.61,282.28
1932,16460.89,Basico,90.66,280.29
1933,14015.02,Estandar,31.93,77.12
1934,29813.85,Basico,31.11,107.63
1935,11819.02,Estandar,35.64,90.55
1936,33239.03,Basico,48.45,170.56
1937,18738.71,Basico,63.44,197.14
1938,12623.59,Basico,58.87,153.64
1939,14957.29,Premium,52.58,226.4
1940,14320.3,Premium,57.93,186.16
1941,12135.42,Empresarial,39.62,101.88
1942,19598.13,Estandar,46.34,186.1
1943,12335.41,Estandar,49.7,155.85
1944,8838.49,Estandar,26.24,128.59
1945,16599.26,Premium,32.58,102.66
1946,10086.98,Estandar,33.18,109.32
1947,14570.35,Basico,61.46,219.15
1948,13791.59,Estandar,53.68,201.24
1949,13975.69,Estandar,59.17,222.63
1950,38190.31,Basico,22.41,87.21
1951,19336.39,Basico,27.75,119.23
1952,20658.45,Basico,59.95,224.48
1953,10180.82,Premium,8.32,50.81
1954,15079.82,Basico,68.37,228.38
1955,20442.18,Premium,22.65,54.08
1956,13245.52,Basico,62.65,229.19
1957,26051.28,Premium,36.67,134.74
1958,12444.78,Basico,65.73,213.43
1959,17150.32,Premium,98.12,356.12
1960,15442.55,Estandar,15.9,33.6
1961,20080.66,Basico,60.43,248.44
1962,15151.1,Basico,22.88,90.36
1963,17243.44,Basico,56.4,202.78
1964,17454.53,Basico,46.9,155.51
1965,14661.27,Estandar,51.95,139.36
1966,22466.55,Empresarial,36.32,
1967,20608.03,Estandar,61.71,219.66
1968,165915.73,Estandar,28.27,124.56
1969,16306.83,Basico,68.62,227.79
1970,25054.04,Premium,43.86,101.16
1971,17456.34,Premium,28.96,71.23
1972,17028.71,Basico,73.92,300.47
1973,19665.9,Empresarial,48.99,144.56
1974,34331.05,Basico,78.61,299.38
1975,11859.39,Premium,68.32,208.44
1976,24821.11,Empresarial,38.03,133.32
1977,9773.11,Estandar,48.73,186.68
1978,20456.29,Basico,51.82,160.12
1979,32901.68,Estandar,72.89,285.78
1980,22494.68,Basico,56.56,197.24
1981,20125.01,Premium,52.64,194.72
1982,15581.55,Basico,47.0,159.02
1983,19165.49,Estandar,49.24,189.12
1984,17357.47,Premium,69.57,275.13
1985,14398.92,Basico,50.06,171.89
1986,17129.26,Basico,44.08,199.88
1987,20321.47,Estandar,41.53,133.46
1988,14493.77,Basico,41.69,168.35
1989,14296.95,Basico,28.97,122.03
1990,11777.13,Basico,38.74,113.39
1991,21736.62,Basico,72.48,250.02
1992,22945.18,Estandar,46.9,165.58
1993,20559.56,Estandar,60.57,186.43
1994,26577.22,Basico,12.82,68.69
1995,19550.45,Estandar,58.52,205.08
1996,21746.41,Basico,47.58,165.68
1997,21085.55,Basico,42.78,150.9
1998,18360.58,Estandar,52.71,181.16
1999,15743.96,Basico,42.56,142.75
2000,41148.94,Estandar,18.14,79.74
